# GEMS3K DCH file written by make_gems3k_input.py (no GEM-Selektor)
# units: T K, P Pa, masses kg/mol, G0/H0 J/mol, S0/Cp0 J/(mol K), V0 J/Pa
<nIC> 3
<nDC> 10
<nPH> 5
<nPS> 1
<nDCs> 6
<nICb> 3
<nDCb> 10
<nPHb> 5
<nPSb> 1
<nTp> 99
<nPp> 3
<iGrd> 0
<fAalp> 0
<mLook> 0

<END_DIM>

<ICNL>
'He' 'I' 'Pb'
<ccIC>
'e' 'e' 'e'
<ICmm>
0.004002602000000001 0.12690447000000002 0.2072
# DCs: gas species first (phase order), then pure condensed phases
<DCNL>
'He(g)' 'I(g)' 'I2(g)' 'Pb(g)' 'PbI(g)' 'PbI2(g)'
'PbI2(cr)' 'PbI2(l)' 'Pb(cr)' 'Pb(l)'
<ccDC>
'G' 'G' 'G' 'G' 'G' 'G' 'O' 'O'
'O' 'O'
<DCmm>
0.004002602000000001 0.12690447000000002 0.25380894000000004 0.2072 0.33410447 0.46100894000000003 0.46100894000000003 0.46100894000000003
0.2072 0.2072
<PHNL>
'gas_gen' 'PbI2(cr)' 'PbI2(l)' 'Pb(cr)' 'Pb(l)'
<ccPH>
'g' 's' 'l' 's' 'l'
<nDCinPH>
6 1 1 1 1
# A: stoichiometry, one row per DC, columns = ICNL order ['He', 'I', 'Pb']
<A>
1.0 0.0 0.0
0.0 1.0 0.0
0.0 2.0 0.0
0.0 0.0 1.0
0.0 1.0 1.0
0.0 2.0 1.0
0.0 2.0 1.0
0.0 2.0 1.0
0.0 0.0 1.0
0.0 0.0 1.0
<Ttol> 0.01
<TKval>
270.0 280.0 290.0 300.0 310.0 320.0 330.0 340.0
350.0 360.0 370.0 380.0 390.0 400.0 410.0 420.0
430.0 440.0 450.0 460.0 470.0 480.0 490.0 500.0
510.0 520.0 530.0 540.0 550.0 560.0 570.0 580.0
590.0 600.0 610.0 620.0 630.0 640.0 650.0 660.0
670.0 680.0 690.0 700.0 710.0 720.0 730.0 740.0
750.0 760.0 770.0 780.0 790.0 800.0 810.0 820.0
830.0 840.0 850.0 860.0 870.0 880.0 890.0 900.0
910.0 920.0 930.0 940.0 950.0 960.0 970.0 980.0
990.0 1000.0 1010.0 1020.0 1030.0 1040.0 1050.0 1060.0
1070.0 1080.0 1090.0 1100.0 1110.0 1120.0 1130.0 1140.0
1150.0 1160.0 1170.0 1180.0 1190.0 1200.0 1210.0 1220.0
1230.0 1240.0 1250.0
<Ptol> 1.0
<Pval>
80000.0 100000.0 120000.0
# Arrays below: [nDC][nPp][nTp], T index fastest
<V0>
# He(g)
0.02806131134 0.02910061916 0.03013992699 0.03117923482 0.03221854264 0.03325785047 0.0342971583 0.03533646613 0.03637577395 0.03741508178 0.03845438961 0.03949369744 0.04053300526 0.04157231309 0.04261162092 0.04365092874 0.04469023657 0.0457295444 0.04676885223 0.04780816005 0.04884746788 0.04988677571 0.05092608354 0.05196539136 0.05300469919 0.05404400702 0.05508331484 0.05612262267 0.0571619305 0.05820123833 0.05924054615 0.06027985398 0.06131916181 0.06235846964 0.06339777746 0.06443708529 0.06547639312 0.06651570094 0.06755500877 0.0685943166 0.06963362443 0.07067293225 0.07171224008 0.07275154791 0.07379085573 0.07483016356 0.07586947139 0.07690877922 0.07794808704 0.07898739487 0.0800267027 0.08106601053 0.08210531835 0.08314462618 0.08418393401 0.08522324183 0.08626254966 0.08730185749 0.08834116532 0.08938047314 0.09041978097 0.0914590888 0.09249839663 0.09353770445 0.09457701228 0.09561632011 0.09665562793 0.09769493576 0.09873424359 0.09977355142 0.1008128592 0.1018521671 0.1028914749 0.1039307827 0.1049700906 0.1060093984 0.1070487062 0.108088014 0.1091273219 0.1101666297 0.1112059375 0.1122452453 0.1132845532 0.114323861 0.1153631688 0.1164024767 0.1174417845 0.1184810923 0.1195204001 0.120559708 0.1215990158 0.1226383236 0.1236776314 0.1247169393 0.1257562471 0.1267955549 0.1278348628 0.1288741706 0.1299134784
0.02244904907 0.02328049533 0.02411194159 0.02494338785 0.02577483412 0.02660628038 0.02743772664 0.0282691729 0.02910061916 0.02993206542 0.03076351169 0.03159495795 0.03242640421 0.03325785047 0.03408929673 0.034920743 0.03575218926 0.03658363552 0.03741508178 0.03824652804 0.0390779743 0.03990942057 0.04074086683 0.04157231309 0.04240375935 0.04323520561 0.04406665188 0.04489809814 0.0457295444 0.04656099066 0.04739243692 0.04822388318 0.04905532945 0.04988677571 0.05071822197 0.05154966823 0.05238111449 0.05321256076 0.05404400702 0.05487545328 0.05570689954 0.0565383458 0.05736979206 0.05820123833 0.05903268459 0.05986413085 0.06069557711 0.06152702337 0.06235846964 0.0631899159 0.06402136216 0.06485280842 0.06568425468 0.06651570094 0.06734714721 0.06817859347 0.06901003973 0.06984148599 0.07067293225 0.07150437851 0.07233582478 0.07316727104 0.0739987173 0.07483016356 0.07566160982 0.07649305609 0.07732450235 0.07815594861 0.07898739487 0.07981884113 0.08065028739 0.08148173366 0.08231317992 0.08314462618 0.08397607244 0.0848075187 0.08563896497 0.08647041123 0.08730185749 0.08813330375 0.08896475001 0.08979619627 0.09062764254 0.0914590888 0.09229053506 0.09312198132 0.09395342758 0.09478487385 0.09561632011 0.09644776637 0.09727921263 0.09811065889 0.09894210515 0.09977355142 0.1006049977 0.1014364439 0.1022678902 0.1030993365 0.1039307827
0.01870754089 0.01940041278 0.02009328466 0.02078615655 0.02147902843 0.02217190031 0.0228647722 0.02355764408 0.02425051597 0.02494338785 0.02563625974 0.02632913162 0.02702200351 0.02771487539 0.02840774728 0.02910061916 0.02979349105 0.03048636293 0.03117923482 0.0318721067 0.03256497859 0.03325785047 0.03395072236 0.03464359424 0.03533646613 0.03602933801 0.0367222099 0.03741508178 0.03810795367 0.03880082555 0.03949369744 0.04018656932 0.04087944121 0.04157231309 0.04226518497 0.04295805686 0.04365092874 0.04434380063 0.04503667251 0.0457295444 0.04642241628 0.04711528817 0.04780816005 0.04850103194 0.04919390382 0.04988677571 0.05057964759 0.05127251948 0.05196539136 0.05265826325 0.05335113513 0.05404400702 0.0547368789 0.05542975079 0.05612262267 0.05681549456 0.05750836644 0.05820123833 0.05889411021 0.0595869821 0.06027985398 0.06097272587 0.06166559775 0.06235846964 0.06305134152 0.0637442134 0.06443708529 0.06512995717 0.06582282906 0.06651570094 0.06720857283 0.06790144471 0.0685943166 0.06928718848 0.06998006037 0.07067293225 0.07136580414 0.07205867602 0.07275154791 0.07344441979 0.07413729168 0.07483016356 0.07552303545 0.07621590733 0.07690877922 0.0776016511 0.07829452299 0.07898739487 0.07968026676 0.08037313864 0.08106601053 0.08175888241 0.0824517543 0.08314462618 0.08383749806 0.08453036995 0.08522324183 0.08591611372 0.0866089856
# I(g)
0.02806131134 0.02910061916 0.03013992699 0.03117923482 0.03221854264 0.03325785047 0.0342971583 0.03533646613 0.03637577395 0.03741508178 0.03845438961 0.03949369744 0.04053300526 0.04157231309 0.04261162092 0.04365092874 0.04469023657 0.0457295444 0.04676885223 0.04780816005 0.04884746788 0.04988677571 0.05092608354 0.05196539136 0.05300469919 0.05404400702 0.05508331484 0.05612262267 0.0571619305 0.05820123833 0.05924054615 0.06027985398 0.06131916181 0.06235846964 0.06339777746 0.06443708529 0.06547639312 0.06651570094 0.06755500877 0.0685943166 0.06963362443 0.07067293225 0.07171224008 0.07275154791 0.07379085573 0.07483016356 0.07586947139 0.07690877922 0.07794808704 0.07898739487 0.0800267027 0.08106601053 0.08210531835 0.08314462618 0.08418393401 0.08522324183 0.08626254966 0.08730185749 0.08834116532 0.08938047314 0.09041978097 0.0914590888 0.09249839663 0.09353770445 0.09457701228 0.09561632011 0.09665562793 0.09769493576 0.09873424359 0.09977355142 0.1008128592 0.1018521671 0.1028914749 0.1039307827 0.1049700906 0.1060093984 0.1070487062 0.108088014 0.1091273219 0.1101666297 0.1112059375 0.1122452453 0.1132845532 0.114323861 0.1153631688 0.1164024767 0.1174417845 0.1184810923 0.1195204001 0.120559708 0.1215990158 0.1226383236 0.1236776314 0.1247169393 0.1257562471 0.1267955549 0.1278348628 0.1288741706 0.1299134784
0.02244904907 0.02328049533 0.02411194159 0.02494338785 0.02577483412 0.02660628038 0.02743772664 0.0282691729 0.02910061916 0.02993206542 0.03076351169 0.03159495795 0.03242640421 0.03325785047 0.03408929673 0.034920743 0.03575218926 0.03658363552 0.03741508178 0.03824652804 0.0390779743 0.03990942057 0.04074086683 0.04157231309 0.04240375935 0.04323520561 0.04406665188 0.04489809814 0.0457295444 0.04656099066 0.04739243692 0.04822388318 0.04905532945 0.04988677571 0.05071822197 0.05154966823 0.05238111449 0.05321256076 0.05404400702 0.05487545328 0.05570689954 0.0565383458 0.05736979206 0.05820123833 0.05903268459 0.05986413085 0.06069557711 0.06152702337 0.06235846964 0.0631899159 0.06402136216 0.06485280842 0.06568425468 0.06651570094 0.06734714721 0.06817859347 0.06901003973 0.06984148599 0.07067293225 0.07150437851 0.07233582478 0.07316727104 0.0739987173 0.07483016356 0.07566160982 0.07649305609 0.07732450235 0.07815594861 0.07898739487 0.07981884113 0.08065028739 0.08148173366 0.08231317992 0.08314462618 0.08397607244 0.0848075187 0.08563896497 0.08647041123 0.08730185749 0.08813330375 0.08896475001 0.08979619627 0.09062764254 0.0914590888 0.09229053506 0.09312198132 0.09395342758 0.09478487385 0.09561632011 0.09644776637 0.09727921263 0.09811065889 0.09894210515 0.09977355142 0.1006049977 0.1014364439 0.1022678902 0.1030993365 0.1039307827
0.01870754089 0.01940041278 0.02009328466 0.02078615655 0.02147902843 0.02217190031 0.0228647722 0.02355764408 0.02425051597 0.02494338785 0.02563625974 0.02632913162 0.02702200351 0.02771487539 0.02840774728 0.02910061916 0.02979349105 0.03048636293 0.03117923482 0.0318721067 0.03256497859 0.03325785047 0.03395072236 0.03464359424 0.03533646613 0.03602933801 0.0367222099 0.03741508178 0.03810795367 0.03880082555 0.03949369744 0.04018656932 0.04087944121 0.04157231309 0.04226518497 0.04295805686 0.04365092874 0.04434380063 0.04503667251 0.0457295444 0.04642241628 0.04711528817 0.04780816005 0.04850103194 0.04919390382 0.04988677571 0.05057964759 0.05127251948 0.05196539136 0.05265826325 0.05335113513 0.05404400702 0.0547368789 0.05542975079 0.05612262267 0.05681549456 0.05750836644 0.05820123833 0.05889411021 0.0595869821 0.06027985398 0.06097272587 0.06166559775 0.06235846964 0.06305134152 0.0637442134 0.06443708529 0.06512995717 0.06582282906 0.06651570094 0.06720857283 0.06790144471 0.0685943166 0.06928718848 0.06998006037 0.07067293225 0.07136580414 0.07205867602 0.07275154791 0.07344441979 0.07413729168 0.07483016356 0.07552303545 0.07621590733 0.07690877922 0.0776016511 0.07829452299 0.07898739487 0.07968026676 0.08037313864 0.08106601053 0.08175888241 0.0824517543 0.08314462618 0.08383749806 0.08453036995 0.08522324183 0.08591611372 0.0866089856
# I2(g)
0.02806131134 0.02910061916 0.03013992699 0.03117923482 0.03221854264 0.03325785047 0.0342971583 0.03533646613 0.03637577395 0.03741508178 0.03845438961 0.03949369744 0.04053300526 0.04157231309 0.04261162092 0.04365092874 0.04469023657 0.0457295444 0.04676885223 0.04780816005 0.04884746788 0.04988677571 0.05092608354 0.05196539136 0.05300469919 0.05404400702 0.05508331484 0.05612262267 0.0571619305 0.05820123833 0.05924054615 0.06027985398 0.06131916181 0.06235846964 0.06339777746 0.06443708529 0.06547639312 0.06651570094 0.06755500877 0.0685943166 0.06963362443 0.07067293225 0.07171224008 0.07275154791 0.07379085573 0.07483016356 0.07586947139 0.07690877922 0.07794808704 0.07898739487 0.0800267027 0.08106601053 0.08210531835 0.08314462618 0.08418393401 0.08522324183 0.08626254966 0.08730185749 0.08834116532 0.08938047314 0.09041978097 0.0914590888 0.09249839663 0.09353770445 0.09457701228 0.09561632011 0.09665562793 0.09769493576 0.09873424359 0.09977355142 0.1008128592 0.1018521671 0.1028914749 0.1039307827 0.1049700906 0.1060093984 0.1070487062 0.108088014 0.1091273219 0.1101666297 0.1112059375 0.1122452453 0.1132845532 0.114323861 0.1153631688 0.1164024767 0.1174417845 0.1184810923 0.1195204001 0.120559708 0.1215990158 0.1226383236 0.1236776314 0.1247169393 0.1257562471 0.1267955549 0.1278348628 0.1288741706 0.1299134784
0.02244904907 0.02328049533 0.02411194159 0.02494338785 0.02577483412 0.02660628038 0.02743772664 0.0282691729 0.02910061916 0.02993206542 0.03076351169 0.03159495795 0.03242640421 0.03325785047 0.03408929673 0.034920743 0.03575218926 0.03658363552 0.03741508178 0.03824652804 0.0390779743 0.03990942057 0.04074086683 0.04157231309 0.04240375935 0.04323520561 0.04406665188 0.04489809814 0.0457295444 0.04656099066 0.04739243692 0.04822388318 0.04905532945 0.04988677571 0.05071822197 0.05154966823 0.05238111449 0.05321256076 0.05404400702 0.05487545328 0.05570689954 0.0565383458 0.05736979206 0.05820123833 0.05903268459 0.05986413085 0.06069557711 0.06152702337 0.06235846964 0.0631899159 0.06402136216 0.06485280842 0.06568425468 0.06651570094 0.06734714721 0.06817859347 0.06901003973 0.06984148599 0.07067293225 0.07150437851 0.07233582478 0.07316727104 0.0739987173 0.07483016356 0.07566160982 0.07649305609 0.07732450235 0.07815594861 0.07898739487 0.07981884113 0.08065028739 0.08148173366 0.08231317992 0.08314462618 0.08397607244 0.0848075187 0.08563896497 0.08647041123 0.08730185749 0.08813330375 0.08896475001 0.08979619627 0.09062764254 0.0914590888 0.09229053506 0.09312198132 0.09395342758 0.09478487385 0.09561632011 0.09644776637 0.09727921263 0.09811065889 0.09894210515 0.09977355142 0.1006049977 0.1014364439 0.1022678902 0.1030993365 0.1039307827
0.01870754089 0.01940041278 0.02009328466 0.02078615655 0.02147902843 0.02217190031 0.0228647722 0.02355764408 0.02425051597 0.02494338785 0.02563625974 0.02632913162 0.02702200351 0.02771487539 0.02840774728 0.02910061916 0.02979349105 0.03048636293 0.03117923482 0.0318721067 0.03256497859 0.03325785047 0.03395072236 0.03464359424 0.03533646613 0.03602933801 0.0367222099 0.03741508178 0.03810795367 0.03880082555 0.03949369744 0.04018656932 0.04087944121 0.04157231309 0.04226518497 0.04295805686 0.04365092874 0.04434380063 0.04503667251 0.0457295444 0.04642241628 0.04711528817 0.04780816005 0.04850103194 0.04919390382 0.04988677571 0.05057964759 0.05127251948 0.05196539136 0.05265826325 0.05335113513 0.05404400702 0.0547368789 0.05542975079 0.05612262267 0.05681549456 0.05750836644 0.05820123833 0.05889411021 0.0595869821 0.06027985398 0.06097272587 0.06166559775 0.06235846964 0.06305134152 0.0637442134 0.06443708529 0.06512995717 0.06582282906 0.06651570094 0.06720857283 0.06790144471 0.0685943166 0.06928718848 0.06998006037 0.07067293225 0.07136580414 0.07205867602 0.07275154791 0.07344441979 0.07413729168 0.07483016356 0.07552303545 0.07621590733 0.07690877922 0.0776016511 0.07829452299 0.07898739487 0.07968026676 0.08037313864 0.08106601053 0.08175888241 0.0824517543 0.08314462618 0.08383749806 0.08453036995 0.08522324183 0.08591611372 0.0866089856
# Pb(g)
0.02806131134 0.02910061916 0.03013992699 0.03117923482 0.03221854264 0.03325785047 0.0342971583 0.03533646613 0.03637577395 0.03741508178 0.03845438961 0.03949369744 0.04053300526 0.04157231309 0.04261162092 0.04365092874 0.04469023657 0.0457295444 0.04676885223 0.04780816005 0.04884746788 0.04988677571 0.05092608354 0.05196539136 0.05300469919 0.05404400702 0.05508331484 0.05612262267 0.0571619305 0.05820123833 0.05924054615 0.06027985398 0.06131916181 0.06235846964 0.06339777746 0.06443708529 0.06547639312 0.06651570094 0.06755500877 0.0685943166 0.06963362443 0.07067293225 0.07171224008 0.07275154791 0.07379085573 0.07483016356 0.07586947139 0.07690877922 0.07794808704 0.07898739487 0.0800267027 0.08106601053 0.08210531835 0.08314462618 0.08418393401 0.08522324183 0.08626254966 0.08730185749 0.08834116532 0.08938047314 0.09041978097 0.0914590888 0.09249839663 0.09353770445 0.09457701228 0.09561632011 0.09665562793 0.09769493576 0.09873424359 0.09977355142 0.1008128592 0.1018521671 0.1028914749 0.1039307827 0.1049700906 0.1060093984 0.1070487062 0.108088014 0.1091273219 0.1101666297 0.1112059375 0.1122452453 0.1132845532 0.114323861 0.1153631688 0.1164024767 0.1174417845 0.1184810923 0.1195204001 0.120559708 0.1215990158 0.1226383236 0.1236776314 0.1247169393 0.1257562471 0.1267955549 0.1278348628 0.1288741706 0.1299134784
0.02244904907 0.02328049533 0.02411194159 0.02494338785 0.02577483412 0.02660628038 0.02743772664 0.0282691729 0.02910061916 0.02993206542 0.03076351169 0.03159495795 0.03242640421 0.03325785047 0.03408929673 0.034920743 0.03575218926 0.03658363552 0.03741508178 0.03824652804 0.0390779743 0.03990942057 0.04074086683 0.04157231309 0.04240375935 0.04323520561 0.04406665188 0.04489809814 0.0457295444 0.04656099066 0.04739243692 0.04822388318 0.04905532945 0.04988677571 0.05071822197 0.05154966823 0.05238111449 0.05321256076 0.05404400702 0.05487545328 0.05570689954 0.0565383458 0.05736979206 0.05820123833 0.05903268459 0.05986413085 0.06069557711 0.06152702337 0.06235846964 0.0631899159 0.06402136216 0.06485280842 0.06568425468 0.06651570094 0.06734714721 0.06817859347 0.06901003973 0.06984148599 0.07067293225 0.07150437851 0.07233582478 0.07316727104 0.0739987173 0.07483016356 0.07566160982 0.07649305609 0.07732450235 0.07815594861 0.07898739487 0.07981884113 0.08065028739 0.08148173366 0.08231317992 0.08314462618 0.08397607244 0.0848075187 0.08563896497 0.08647041123 0.08730185749 0.08813330375 0.08896475001 0.08979619627 0.09062764254 0.0914590888 0.09229053506 0.09312198132 0.09395342758 0.09478487385 0.09561632011 0.09644776637 0.09727921263 0.09811065889 0.09894210515 0.09977355142 0.1006049977 0.1014364439 0.1022678902 0.1030993365 0.1039307827
0.01870754089 0.01940041278 0.02009328466 0.02078615655 0.02147902843 0.02217190031 0.0228647722 0.02355764408 0.02425051597 0.02494338785 0.02563625974 0.02632913162 0.02702200351 0.02771487539 0.02840774728 0.02910061916 0.02979349105 0.03048636293 0.03117923482 0.0318721067 0.03256497859 0.03325785047 0.03395072236 0.03464359424 0.03533646613 0.03602933801 0.0367222099 0.03741508178 0.03810795367 0.03880082555 0.03949369744 0.04018656932 0.04087944121 0.04157231309 0.04226518497 0.04295805686 0.04365092874 0.04434380063 0.04503667251 0.0457295444 0.04642241628 0.04711528817 0.04780816005 0.04850103194 0.04919390382 0.04988677571 0.05057964759 0.05127251948 0.05196539136 0.05265826325 0.05335113513 0.05404400702 0.0547368789 0.05542975079 0.05612262267 0.05681549456 0.05750836644 0.05820123833 0.05889411021 0.0595869821 0.06027985398 0.06097272587 0.06166559775 0.06235846964 0.06305134152 0.0637442134 0.06443708529 0.06512995717 0.06582282906 0.06651570094 0.06720857283 0.06790144471 0.0685943166 0.06928718848 0.06998006037 0.07067293225 0.07136580414 0.07205867602 0.07275154791 0.07344441979 0.07413729168 0.07483016356 0.07552303545 0.07621590733 0.07690877922 0.0776016511 0.07829452299 0.07898739487 0.07968026676 0.08037313864 0.08106601053 0.08175888241 0.0824517543 0.08314462618 0.08383749806 0.08453036995 0.08522324183 0.08591611372 0.0866089856
# PbI(g)
0.02806131134 0.02910061916 0.03013992699 0.03117923482 0.03221854264 0.03325785047 0.0342971583 0.03533646613 0.03637577395 0.03741508178 0.03845438961 0.03949369744 0.04053300526 0.04157231309 0.04261162092 0.04365092874 0.04469023657 0.0457295444 0.04676885223 0.04780816005 0.04884746788 0.04988677571 0.05092608354 0.05196539136 0.05300469919 0.05404400702 0.05508331484 0.05612262267 0.0571619305 0.05820123833 0.05924054615 0.06027985398 0.06131916181 0.06235846964 0.06339777746 0.06443708529 0.06547639312 0.06651570094 0.06755500877 0.0685943166 0.06963362443 0.07067293225 0.07171224008 0.07275154791 0.07379085573 0.07483016356 0.07586947139 0.07690877922 0.07794808704 0.07898739487 0.0800267027 0.08106601053 0.08210531835 0.08314462618 0.08418393401 0.08522324183 0.08626254966 0.08730185749 0.08834116532 0.08938047314 0.09041978097 0.0914590888 0.09249839663 0.09353770445 0.09457701228 0.09561632011 0.09665562793 0.09769493576 0.09873424359 0.09977355142 0.1008128592 0.1018521671 0.1028914749 0.1039307827 0.1049700906 0.1060093984 0.1070487062 0.108088014 0.1091273219 0.1101666297 0.1112059375 0.1122452453 0.1132845532 0.114323861 0.1153631688 0.1164024767 0.1174417845 0.1184810923 0.1195204001 0.120559708 0.1215990158 0.1226383236 0.1236776314 0.1247169393 0.1257562471 0.1267955549 0.1278348628 0.1288741706 0.1299134784
0.02244904907 0.02328049533 0.02411194159 0.02494338785 0.02577483412 0.02660628038 0.02743772664 0.0282691729 0.02910061916 0.02993206542 0.03076351169 0.03159495795 0.03242640421 0.03325785047 0.03408929673 0.034920743 0.03575218926 0.03658363552 0.03741508178 0.03824652804 0.0390779743 0.03990942057 0.04074086683 0.04157231309 0.04240375935 0.04323520561 0.04406665188 0.04489809814 0.0457295444 0.04656099066 0.04739243692 0.04822388318 0.04905532945 0.04988677571 0.05071822197 0.05154966823 0.05238111449 0.05321256076 0.05404400702 0.05487545328 0.05570689954 0.0565383458 0.05736979206 0.05820123833 0.05903268459 0.05986413085 0.06069557711 0.06152702337 0.06235846964 0.0631899159 0.06402136216 0.06485280842 0.06568425468 0.06651570094 0.06734714721 0.06817859347 0.06901003973 0.06984148599 0.07067293225 0.07150437851 0.07233582478 0.07316727104 0.0739987173 0.07483016356 0.07566160982 0.07649305609 0.07732450235 0.07815594861 0.07898739487 0.07981884113 0.08065028739 0.08148173366 0.08231317992 0.08314462618 0.08397607244 0.0848075187 0.08563896497 0.08647041123 0.08730185749 0.08813330375 0.08896475001 0.08979619627 0.09062764254 0.0914590888 0.09229053506 0.09312198132 0.09395342758 0.09478487385 0.09561632011 0.09644776637 0.09727921263 0.09811065889 0.09894210515 0.09977355142 0.1006049977 0.1014364439 0.1022678902 0.1030993365 0.1039307827
0.01870754089 0.01940041278 0.02009328466 0.02078615655 0.02147902843 0.02217190031 0.0228647722 0.02355764408 0.02425051597 0.02494338785 0.02563625974 0.02632913162 0.02702200351 0.02771487539 0.02840774728 0.02910061916 0.02979349105 0.03048636293 0.03117923482 0.0318721067 0.03256497859 0.03325785047 0.03395072236 0.03464359424 0.03533646613 0.03602933801 0.0367222099 0.03741508178 0.03810795367 0.03880082555 0.03949369744 0.04018656932 0.04087944121 0.04157231309 0.04226518497 0.04295805686 0.04365092874 0.04434380063 0.04503667251 0.0457295444 0.04642241628 0.04711528817 0.04780816005 0.04850103194 0.04919390382 0.04988677571 0.05057964759 0.05127251948 0.05196539136 0.05265826325 0.05335113513 0.05404400702 0.0547368789 0.05542975079 0.05612262267 0.05681549456 0.05750836644 0.05820123833 0.05889411021 0.0595869821 0.06027985398 0.06097272587 0.06166559775 0.06235846964 0.06305134152 0.0637442134 0.06443708529 0.06512995717 0.06582282906 0.06651570094 0.06720857283 0.06790144471 0.0685943166 0.06928718848 0.06998006037 0.07067293225 0.07136580414 0.07205867602 0.07275154791 0.07344441979 0.07413729168 0.07483016356 0.07552303545 0.07621590733 0.07690877922 0.0776016511 0.07829452299 0.07898739487 0.07968026676 0.08037313864 0.08106601053 0.08175888241 0.0824517543 0.08314462618 0.08383749806 0.08453036995 0.08522324183 0.08591611372 0.0866089856
# PbI2(g)
0.02806131134 0.02910061916 0.03013992699 0.03117923482 0.03221854264 0.03325785047 0.0342971583 0.03533646613 0.03637577395 0.03741508178 0.03845438961 0.03949369744 0.04053300526 0.04157231309 0.04261162092 0.04365092874 0.04469023657 0.0457295444 0.04676885223 0.04780816005 0.04884746788 0.04988677571 0.05092608354 0.05196539136 0.05300469919 0.05404400702 0.05508331484 0.05612262267 0.0571619305 0.05820123833 0.05924054615 0.06027985398 0.06131916181 0.06235846964 0.06339777746 0.06443708529 0.06547639312 0.06651570094 0.06755500877 0.0685943166 0.06963362443 0.07067293225 0.07171224008 0.07275154791 0.07379085573 0.07483016356 0.07586947139 0.07690877922 0.07794808704 0.07898739487 0.0800267027 0.08106601053 0.08210531835 0.08314462618 0.08418393401 0.08522324183 0.08626254966 0.08730185749 0.08834116532 0.08938047314 0.09041978097 0.0914590888 0.09249839663 0.09353770445 0.09457701228 0.09561632011 0.09665562793 0.09769493576 0.09873424359 0.09977355142 0.1008128592 0.1018521671 0.1028914749 0.1039307827 0.1049700906 0.1060093984 0.1070487062 0.108088014 0.1091273219 0.1101666297 0.1112059375 0.1122452453 0.1132845532 0.114323861 0.1153631688 0.1164024767 0.1174417845 0.1184810923 0.1195204001 0.120559708 0.1215990158 0.1226383236 0.1236776314 0.1247169393 0.1257562471 0.1267955549 0.1278348628 0.1288741706 0.1299134784
0.02244904907 0.02328049533 0.02411194159 0.02494338785 0.02577483412 0.02660628038 0.02743772664 0.0282691729 0.02910061916 0.02993206542 0.03076351169 0.03159495795 0.03242640421 0.03325785047 0.03408929673 0.034920743 0.03575218926 0.03658363552 0.03741508178 0.03824652804 0.0390779743 0.03990942057 0.04074086683 0.04157231309 0.04240375935 0.04323520561 0.04406665188 0.04489809814 0.0457295444 0.04656099066 0.04739243692 0.04822388318 0.04905532945 0.04988677571 0.05071822197 0.05154966823 0.05238111449 0.05321256076 0.05404400702 0.05487545328 0.05570689954 0.0565383458 0.05736979206 0.05820123833 0.05903268459 0.05986413085 0.06069557711 0.06152702337 0.06235846964 0.0631899159 0.06402136216 0.06485280842 0.06568425468 0.06651570094 0.06734714721 0.06817859347 0.06901003973 0.06984148599 0.07067293225 0.07150437851 0.07233582478 0.07316727104 0.0739987173 0.07483016356 0.07566160982 0.07649305609 0.07732450235 0.07815594861 0.07898739487 0.07981884113 0.08065028739 0.08148173366 0.08231317992 0.08314462618 0.08397607244 0.0848075187 0.08563896497 0.08647041123 0.08730185749 0.08813330375 0.08896475001 0.08979619627 0.09062764254 0.0914590888 0.09229053506 0.09312198132 0.09395342758 0.09478487385 0.09561632011 0.09644776637 0.09727921263 0.09811065889 0.09894210515 0.09977355142 0.1006049977 0.1014364439 0.1022678902 0.1030993365 0.1039307827
0.01870754089 0.01940041278 0.02009328466 0.02078615655 0.02147902843 0.02217190031 0.0228647722 0.02355764408 0.02425051597 0.02494338785 0.02563625974 0.02632913162 0.02702200351 0.02771487539 0.02840774728 0.02910061916 0.02979349105 0.03048636293 0.03117923482 0.0318721067 0.03256497859 0.03325785047 0.03395072236 0.03464359424 0.03533646613 0.03602933801 0.0367222099 0.03741508178 0.03810795367 0.03880082555 0.03949369744 0.04018656932 0.04087944121 0.04157231309 0.04226518497 0.04295805686 0.04365092874 0.04434380063 0.04503667251 0.0457295444 0.04642241628 0.04711528817 0.04780816005 0.04850103194 0.04919390382 0.04988677571 0.05057964759 0.05127251948 0.05196539136 0.05265826325 0.05335113513 0.05404400702 0.0547368789 0.05542975079 0.05612262267 0.05681549456 0.05750836644 0.05820123833 0.05889411021 0.0595869821 0.06027985398 0.06097272587 0.06166559775 0.06235846964 0.06305134152 0.0637442134 0.06443708529 0.06512995717 0.06582282906 0.06651570094 0.06720857283 0.06790144471 0.0685943166 0.06928718848 0.06998006037 0.07067293225 0.07136580414 0.07205867602 0.07275154791 0.07344441979 0.07413729168 0.07483016356 0.07552303545 0.07621590733 0.07690877922 0.0776016511 0.07829452299 0.07898739487 0.07968026676 0.08037313864 0.08106601053 0.08175888241 0.0824517543 0.08314462618 0.08383749806 0.08453036995 0.08522324183 0.08591611372 0.0866089856
# PbI2(cr)
7.484e-05 7.484e-05 7.484e-05 7.484e-05 7.484e-05 7.484e-05 7.484e-05 7.484e-05 7.484e-05 7.484e-05 7.484e-05 7.484e-05 7.484e-05 7.484e-05 7.484e-05 7.484e-05 7.484e-05 7.484e-05 7.484e-05 7.484e-05 7.484e-05 7.484e-05 7.484e-05 7.484e-05 7.484e-05 7.484e-05 7.484e-05 7.484e-05 7.484e-05 7.484e-05 7.484e-05 7.484e-05 7.484e-05 7.484e-05 7.484e-05 7.484e-05 7.484e-05 7.484e-05 7.484e-05 7.484e-05 7.484e-05 7.484e-05 7.484e-05 7.484e-05 7.484e-05 7.484e-05 7.484e-05 7.484e-05 7.484e-05 7.484e-05 7.484e-05 7.484e-05 7.484e-05 7.484e-05 7.484e-05 7.484e-05 7.484e-05 7.484e-05 7.484e-05 7.484e-05 7.484e-05 7.484e-05 7.484e-05 7.484e-05 7.484e-05 7.484e-05 7.484e-05 7.484e-05 7.484e-05 7.484e-05 7.484e-05 7.484e-05 7.484e-05 7.484e-05 7.484e-05 7.484e-05 7.484e-05 7.484e-05 7.484e-05 7.484e-05 7.484e-05 7.484e-05 7.484e-05 7.484e-05 7.484e-05 7.484e-05 7.484e-05 7.484e-05 7.484e-05 7.484e-05 7.484e-05 7.484e-05 7.484e-05 7.484e-05 7.484e-05 7.484e-05 7.484e-05 7.484e-05 7.484e-05
7.484e-05 7.484e-05 7.484e-05 7.484e-05 7.484e-05 7.484e-05 7.484e-05 7.484e-05 7.484e-05 7.484e-05 7.484e-05 7.484e-05 7.484e-05 7.484e-05 7.484e-05 7.484e-05 7.484e-05 7.484e-05 7.484e-05 7.484e-05 7.484e-05 7.484e-05 7.484e-05 7.484e-05 7.484e-05 7.484e-05 7.484e-05 7.484e-05 7.484e-05 7.484e-05 7.484e-05 7.484e-05 7.484e-05 7.484e-05 7.484e-05 7.484e-05 7.484e-05 7.484e-05 7.484e-05 7.484e-05 7.484e-05 7.484e-05 7.484e-05 7.484e-05 7.484e-05 7.484e-05 7.484e-05 7.484e-05 7.484e-05 7.484e-05 7.484e-05 7.484e-05 7.484e-05 7.484e-05 7.484e-05 7.484e-05 7.484e-05 7.484e-05 7.484e-05 7.484e-05 7.484e-05 7.484e-05 7.484e-05 7.484e-05 7.484e-05 7.484e-05 7.484e-05 7.484e-05 7.484e-05 7.484e-05 7.484e-05 7.484e-05 7.484e-05 7.484e-05 7.484e-05 7.484e-05 7.484e-05 7.484e-05 7.484e-05 7.484e-05 7.484e-05 7.484e-05 7.484e-05 7.484e-05 7.484e-05 7.484e-05 7.484e-05 7.484e-05 7.484e-05 7.484e-05 7.484e-05 7.484e-05 7.484e-05 7.484e-05 7.484e-05 7.484e-05 7.484e-05 7.484e-05 7.484e-05
7.484e-05 7.484e-05 7.484e-05 7.484e-05 7.484e-05 7.484e-05 7.484e-05 7.484e-05 7.484e-05 7.484e-05 7.484e-05 7.484e-05 7.484e-05 7.484e-05 7.484e-05 7.484e-05 7.484e-05 7.484e-05 7.484e-05 7.484e-05 7.484e-05 7.484e-05 7.484e-05 7.484e-05 7.484e-05 7.484e-05 7.484e-05 7.484e-05 7.484e-05 7.484e-05 7.484e-05 7.484e-05 7.484e-05 7.484e-05 7.484e-05 7.484e-05 7.484e-05 7.484e-05 7.484e-05 7.484e-05 7.484e-05 7.484e-05 7.484e-05 7.484e-05 7.484e-05 7.484e-05 7.484e-05 7.484e-05 7.484e-05 7.484e-05 7.484e-05 7.484e-05 7.484e-05 7.484e-05 7.484e-05 7.484e-05 7.484e-05 7.484e-05 7.484e-05 7.484e-05 7.484e-05 7.484e-05 7.484e-05 7.484e-05 7.484e-05 7.484e-05 7.484e-05 7.484e-05 7.484e-05 7.484e-05 7.484e-05 7.484e-05 7.484e-05 7.484e-05 7.484e-05 7.484e-05 7.484e-05 7.484e-05 7.484e-05 7.484e-05 7.484e-05 7.484e-05 7.484e-05 7.484e-05 7.484e-05 7.484e-05 7.484e-05 7.484e-05 7.484e-05 7.484e-05 7.484e-05 7.484e-05 7.484e-05 7.484e-05 7.484e-05 7.484e-05 7.484e-05 7.484e-05 7.484e-05
# PbI2(l)
7.484e-05 7.484e-05 7.484e-05 7.484e-05 7.484e-05 7.484e-05 7.484e-05 7.484e-05 7.484e-05 7.484e-05 7.484e-05 7.484e-05 7.484e-05 7.484e-05 7.484e-05 7.484e-05 7.484e-05 7.484e-05 7.484e-05 7.484e-05 7.484e-05 7.484e-05 7.484e-05 7.484e-05 7.484e-05 7.484e-05 7.484e-05 7.484e-05 7.484e-05 7.484e-05 7.484e-05 7.484e-05 7.484e-05 7.484e-05 7.484e-05 7.484e-05 7.484e-05 7.484e-05 7.484e-05 7.484e-05 7.484e-05 7.484e-05 7.484e-05 7.484e-05 7.484e-05 7.484e-05 7.484e-05 7.484e-05 7.484e-05 7.484e-05 7.484e-05 7.484e-05 7.484e-05 7.484e-05 7.484e-05 7.484e-05 7.484e-05 7.484e-05 7.484e-05 7.484e-05 7.484e-05 7.484e-05 7.484e-05 7.484e-05 7.484e-05 7.484e-05 7.484e-05 7.484e-05 7.484e-05 7.484e-05 7.484e-05 7.484e-05 7.484e-05 7.484e-05 7.484e-05 7.484e-05 7.484e-05 7.484e-05 7.484e-05 7.484e-05 7.484e-05 7.484e-05 7.484e-05 7.484e-05 7.484e-05 7.484e-05 7.484e-05 7.484e-05 7.484e-05 7.484e-05 7.484e-05 7.484e-05 7.484e-05 7.484e-05 7.484e-05 7.484e-05 7.484e-05 7.484e-05 7.484e-05
7.484e-05 7.484e-05 7.484e-05 7.484e-05 7.484e-05 7.484e-05 7.484e-05 7.484e-05 7.484e-05 7.484e-05 7.484e-05 7.484e-05 7.484e-05 7.484e-05 7.484e-05 7.484e-05 7.484e-05 7.484e-05 7.484e-05 7.484e-05 7.484e-05 7.484e-05 7.484e-05 7.484e-05 7.484e-05 7.484e-05 7.484e-05 7.484e-05 7.484e-05 7.484e-05 7.484e-05 7.484e-05 7.484e-05 7.484e-05 7.484e-05 7.484e-05 7.484e-05 7.484e-05 7.484e-05 7.484e-05 7.484e-05 7.484e-05 7.484e-05 7.484e-05 7.484e-05 7.484e-05 7.484e-05 7.484e-05 7.484e-05 7.484e-05 7.484e-05 7.484e-05 7.484e-05 7.484e-05 7.484e-05 7.484e-05 7.484e-05 7.484e-05 7.484e-05 7.484e-05 7.484e-05 7.484e-05 7.484e-05 7.484e-05 7.484e-05 7.484e-05 7.484e-05 7.484e-05 7.484e-05 7.484e-05 7.484e-05 7.484e-05 7.484e-05 7.484e-05 7.484e-05 7.484e-05 7.484e-05 7.484e-05 7.484e-05 7.484e-05 7.484e-05 7.484e-05 7.484e-05 7.484e-05 7.484e-05 7.484e-05 7.484e-05 7.484e-05 7.484e-05 7.484e-05 7.484e-05 7.484e-05 7.484e-05 7.484e-05 7.484e-05 7.484e-05 7.484e-05 7.484e-05 7.484e-05
7.484e-05 7.484e-05 7.484e-05 7.484e-05 7.484e-05 7.484e-05 7.484e-05 7.484e-05 7.484e-05 7.484e-05 7.484e-05 7.484e-05 7.484e-05 7.484e-05 7.484e-05 7.484e-05 7.484e-05 7.484e-05 7.484e-05 7.484e-05 7.484e-05 7.484e-05 7.484e-05 7.484e-05 7.484e-05 7.484e-05 7.484e-05 7.484e-05 7.484e-05 7.484e-05 7.484e-05 7.484e-05 7.484e-05 7.484e-05 7.484e-05 7.484e-05 7.484e-05 7.484e-05 7.484e-05 7.484e-05 7.484e-05 7.484e-05 7.484e-05 7.484e-05 7.484e-05 7.484e-05 7.484e-05 7.484e-05 7.484e-05 7.484e-05 7.484e-05 7.484e-05 7.484e-05 7.484e-05 7.484e-05 7.484e-05 7.484e-05 7.484e-05 7.484e-05 7.484e-05 7.484e-05 7.484e-05 7.484e-05 7.484e-05 7.484e-05 7.484e-05 7.484e-05 7.484e-05 7.484e-05 7.484e-05 7.484e-05 7.484e-05 7.484e-05 7.484e-05 7.484e-05 7.484e-05 7.484e-05 7.484e-05 7.484e-05 7.484e-05 7.484e-05 7.484e-05 7.484e-05 7.484e-05 7.484e-05 7.484e-05 7.484e-05 7.484e-05 7.484e-05 7.484e-05 7.484e-05 7.484e-05 7.484e-05 7.484e-05 7.484e-05 7.484e-05 7.484e-05 7.484e-05 7.484e-05
# Pb(cr)
1.827e-05 1.827e-05 1.827e-05 1.827e-05 1.827e-05 1.827e-05 1.827e-05 1.827e-05 1.827e-05 1.827e-05 1.827e-05 1.827e-05 1.827e-05 1.827e-05 1.827e-05 1.827e-05 1.827e-05 1.827e-05 1.827e-05 1.827e-05 1.827e-05 1.827e-05 1.827e-05 1.827e-05 1.827e-05 1.827e-05 1.827e-05 1.827e-05 1.827e-05 1.827e-05 1.827e-05 1.827e-05 1.827e-05 1.827e-05 1.827e-05 1.827e-05 1.827e-05 1.827e-05 1.827e-05 1.827e-05 1.827e-05 1.827e-05 1.827e-05 1.827e-05 1.827e-05 1.827e-05 1.827e-05 1.827e-05 1.827e-05 1.827e-05 1.827e-05 1.827e-05 1.827e-05 1.827e-05 1.827e-05 1.827e-05 1.827e-05 1.827e-05 1.827e-05 1.827e-05 1.827e-05 1.827e-05 1.827e-05 1.827e-05 1.827e-05 1.827e-05 1.827e-05 1.827e-05 1.827e-05 1.827e-05 1.827e-05 1.827e-05 1.827e-05 1.827e-05 1.827e-05 1.827e-05 1.827e-05 1.827e-05 1.827e-05 1.827e-05 1.827e-05 1.827e-05 1.827e-05 1.827e-05 1.827e-05 1.827e-05 1.827e-05 1.827e-05 1.827e-05 1.827e-05 1.827e-05 1.827e-05 1.827e-05 1.827e-05 1.827e-05 1.827e-05 1.827e-05 1.827e-05 1.827e-05
1.827e-05 1.827e-05 1.827e-05 1.827e-05 1.827e-05 1.827e-05 1.827e-05 1.827e-05 1.827e-05 1.827e-05 1.827e-05 1.827e-05 1.827e-05 1.827e-05 1.827e-05 1.827e-05 1.827e-05 1.827e-05 1.827e-05 1.827e-05 1.827e-05 1.827e-05 1.827e-05 1.827e-05 1.827e-05 1.827e-05 1.827e-05 1.827e-05 1.827e-05 1.827e-05 1.827e-05 1.827e-05 1.827e-05 1.827e-05 1.827e-05 1.827e-05 1.827e-05 1.827e-05 1.827e-05 1.827e-05 1.827e-05 1.827e-05 1.827e-05 1.827e-05 1.827e-05 1.827e-05 1.827e-05 1.827e-05 1.827e-05 1.827e-05 1.827e-05 1.827e-05 1.827e-05 1.827e-05 1.827e-05 1.827e-05 1.827e-05 1.827e-05 1.827e-05 1.827e-05 1.827e-05 1.827e-05 1.827e-05 1.827e-05 1.827e-05 1.827e-05 1.827e-05 1.827e-05 1.827e-05 1.827e-05 1.827e-05 1.827e-05 1.827e-05 1.827e-05 1.827e-05 1.827e-05 1.827e-05 1.827e-05 1.827e-05 1.827e-05 1.827e-05 1.827e-05 1.827e-05 1.827e-05 1.827e-05 1.827e-05 1.827e-05 1.827e-05 1.827e-05 1.827e-05 1.827e-05 1.827e-05 1.827e-05 1.827e-05 1.827e-05 1.827e-05 1.827e-05 1.827e-05 1.827e-05
1.827e-05 1.827e-05 1.827e-05 1.827e-05 1.827e-05 1.827e-05 1.827e-05 1.827e-05 1.827e-05 1.827e-05 1.827e-05 1.827e-05 1.827e-05 1.827e-05 1.827e-05 1.827e-05 1.827e-05 1.827e-05 1.827e-05 1.827e-05 1.827e-05 1.827e-05 1.827e-05 1.827e-05 1.827e-05 1.827e-05 1.827e-05 1.827e-05 1.827e-05 1.827e-05 1.827e-05 1.827e-05 1.827e-05 1.827e-05 1.827e-05 1.827e-05 1.827e-05 1.827e-05 1.827e-05 1.827e-05 1.827e-05 1.827e-05 1.827e-05 1.827e-05 1.827e-05 1.827e-05 1.827e-05 1.827e-05 1.827e-05 1.827e-05 1.827e-05 1.827e-05 1.827e-05 1.827e-05 1.827e-05 1.827e-05 1.827e-05 1.827e-05 1.827e-05 1.827e-05 1.827e-05 1.827e-05 1.827e-05 1.827e-05 1.827e-05 1.827e-05 1.827e-05 1.827e-05 1.827e-05 1.827e-05 1.827e-05 1.827e-05 1.827e-05 1.827e-05 1.827e-05 1.827e-05 1.827e-05 1.827e-05 1.827e-05 1.827e-05 1.827e-05 1.827e-05 1.827e-05 1.827e-05 1.827e-05 1.827e-05 1.827e-05 1.827e-05 1.827e-05 1.827e-05 1.827e-05 1.827e-05 1.827e-05 1.827e-05 1.827e-05 1.827e-05 1.827e-05 1.827e-05 1.827e-05
# Pb(l)
1.827e-05 1.827e-05 1.827e-05 1.827e-05 1.827e-05 1.827e-05 1.827e-05 1.827e-05 1.827e-05 1.827e-05 1.827e-05 1.827e-05 1.827e-05 1.827e-05 1.827e-05 1.827e-05 1.827e-05 1.827e-05 1.827e-05 1.827e-05 1.827e-05 1.827e-05 1.827e-05 1.827e-05 1.827e-05 1.827e-05 1.827e-05 1.827e-05 1.827e-05 1.827e-05 1.827e-05 1.827e-05 1.827e-05 1.827e-05 1.827e-05 1.827e-05 1.827e-05 1.827e-05 1.827e-05 1.827e-05 1.827e-05 1.827e-05 1.827e-05 1.827e-05 1.827e-05 1.827e-05 1.827e-05 1.827e-05 1.827e-05 1.827e-05 1.827e-05 1.827e-05 1.827e-05 1.827e-05 1.827e-05 1.827e-05 1.827e-05 1.827e-05 1.827e-05 1.827e-05 1.827e-05 1.827e-05 1.827e-05 1.827e-05 1.827e-05 1.827e-05 1.827e-05 1.827e-05 1.827e-05 1.827e-05 1.827e-05 1.827e-05 1.827e-05 1.827e-05 1.827e-05 1.827e-05 1.827e-05 1.827e-05 1.827e-05 1.827e-05 1.827e-05 1.827e-05 1.827e-05 1.827e-05 1.827e-05 1.827e-05 1.827e-05 1.827e-05 1.827e-05 1.827e-05 1.827e-05 1.827e-05 1.827e-05 1.827e-05 1.827e-05 1.827e-05 1.827e-05 1.827e-05 1.827e-05
1.827e-05 1.827e-05 1.827e-05 1.827e-05 1.827e-05 1.827e-05 1.827e-05 1.827e-05 1.827e-05 1.827e-05 1.827e-05 1.827e-05 1.827e-05 1.827e-05 1.827e-05 1.827e-05 1.827e-05 1.827e-05 1.827e-05 1.827e-05 1.827e-05 1.827e-05 1.827e-05 1.827e-05 1.827e-05 1.827e-05 1.827e-05 1.827e-05 1.827e-05 1.827e-05 1.827e-05 1.827e-05 1.827e-05 1.827e-05 1.827e-05 1.827e-05 1.827e-05 1.827e-05 1.827e-05 1.827e-05 1.827e-05 1.827e-05 1.827e-05 1.827e-05 1.827e-05 1.827e-05 1.827e-05 1.827e-05 1.827e-05 1.827e-05 1.827e-05 1.827e-05 1.827e-05 1.827e-05 1.827e-05 1.827e-05 1.827e-05 1.827e-05 1.827e-05 1.827e-05 1.827e-05 1.827e-05 1.827e-05 1.827e-05 1.827e-05 1.827e-05 1.827e-05 1.827e-05 1.827e-05 1.827e-05 1.827e-05 1.827e-05 1.827e-05 1.827e-05 1.827e-05 1.827e-05 1.827e-05 1.827e-05 1.827e-05 1.827e-05 1.827e-05 1.827e-05 1.827e-05 1.827e-05 1.827e-05 1.827e-05 1.827e-05 1.827e-05 1.827e-05 1.827e-05 1.827e-05 1.827e-05 1.827e-05 1.827e-05 1.827e-05 1.827e-05 1.827e-05 1.827e-05 1.827e-05
1.827e-05 1.827e-05 1.827e-05 1.827e-05 1.827e-05 1.827e-05 1.827e-05 1.827e-05 1.827e-05 1.827e-05 1.827e-05 1.827e-05 1.827e-05 1.827e-05 1.827e-05 1.827e-05 1.827e-05 1.827e-05 1.827e-05 1.827e-05 1.827e-05 1.827e-05 1.827e-05 1.827e-05 1.827e-05 1.827e-05 1.827e-05 1.827e-05 1.827e-05 1.827e-05 1.827e-05 1.827e-05 1.827e-05 1.827e-05 1.827e-05 1.827e-05 1.827e-05 1.827e-05 1.827e-05 1.827e-05 1.827e-05 1.827e-05 1.827e-05 1.827e-05 1.827e-05 1.827e-05 1.827e-05 1.827e-05 1.827e-05 1.827e-05 1.827e-05 1.827e-05 1.827e-05 1.827e-05 1.827e-05 1.827e-05 1.827e-05 1.827e-05 1.827e-05 1.827e-05 1.827e-05 1.827e-05 1.827e-05 1.827e-05 1.827e-05 1.827e-05 1.827e-05 1.827e-05 1.827e-05 1.827e-05 1.827e-05 1.827e-05 1.827e-05 1.827e-05 1.827e-05 1.827e-05 1.827e-05 1.827e-05 1.827e-05 1.827e-05 1.827e-05 1.827e-05 1.827e-05 1.827e-05 1.827e-05 1.827e-05 1.827e-05 1.827e-05 1.827e-05 1.827e-05 1.827e-05 1.827e-05 1.827e-05 1.827e-05 1.827e-05 1.827e-05 1.827e-05 1.827e-05 1.827e-05
<G0>
# He(g)
-34089.83963 -35334.55742 -36586.70041 -37846.01246 -39112.25452 -40385.20295 -41664.64812 -42950.39308 -44242.2525 -45540.05163 -46843.62544 -48152.81781 -49467.48085 -50787.47427 -52112.66476 -53442.92555 -54778.13589 -56118.18065 -57462.94995 -58812.33878 -60166.24669 -61524.57753 -62887.23912 -64254.14308 -65625.20455 -67000.342 -68379.47704 -69762.53422 -71149.44091 -72540.12711 -73934.52532 -75332.57041 -76734.1995 -78139.35184 -79547.96869 -80959.99327 -82375.37059 -83794.04745 -85215.97227 -86641.09509 -88069.36745 -89500.74234 -90935.17412 -92372.6185 -93813.03242 -95256.37407 -96702.60278 -98151.679 -99603.56425 -101058.2211 -102515.613 -103975.7045 -105438.4609 -106903.8486 -108371.8346 -109842.3869 -111315.4741 -112791.0658 -114269.132 -115749.6438 -117232.5726 -118717.8906 -120205.5708 -121695.5866 -123187.9119 -124682.5215 -126179.3905 -127678.4947 -129179.8101 -130683.3136 -132188.9824 -133696.7942 -135206.727 -136718.7594 -138232.8705 -139749.0397 -141267.2467 -142787.4719 -144309.6957 -145833.8993 -147360.0638 -148888.1709 -150418.2028 -151950.1416 -153483.9702 -155019.6713 -156557.2285 -158096.6251 -159637.8451 -161180.8726 -162725.692 -164272.2881 -165820.6457 -167370.7501 -168922.5866 -170476.1411 -172031.3994 -173588.3476 -175146.9721
-34089.83963 -35334.55742 -36586.70041 -37846.01246 -39112.25452 -40385.20295 -41664.64812 -42950.39308 -44242.2525 -45540.05163 -46843.62544 -48152.81781 -49467.48085 -50787.47427 -52112.66476 -53442.92555 -54778.13589 -56118.18065 -57462.94995 -58812.33878 -60166.24669 -61524.57753 -62887.23912 -64254.14308 -65625.20455 -67000.342 -68379.47704 -69762.53422 -71149.44091 -72540.12711 -73934.52532 -75332.57041 -76734.1995 -78139.35184 -79547.96869 -80959.99327 -82375.37059 -83794.04745 -85215.97227 -86641.09509 -88069.36745 -89500.74234 -90935.17412 -92372.6185 -93813.03242 -95256.37407 -96702.60278 -98151.679 -99603.56425 -101058.2211 -102515.613 -103975.7045 -105438.4609 -106903.8486 -108371.8346 -109842.3869 -111315.4741 -112791.0658 -114269.132 -115749.6438 -117232.5726 -118717.8906 -120205.5708 -121695.5866 -123187.9119 -124682.5215 -126179.3905 -127678.4947 -129179.8101 -130683.3136 -132188.9824 -133696.7942 -135206.727 -136718.7594 -138232.8705 -139749.0397 -141267.2467 -142787.4719 -144309.6957 -145833.8993 -147360.0638 -148888.1709 -150418.2028 -151950.1416 -153483.9702 -155019.6713 -156557.2285 -158096.6251 -159637.8451 -161180.8726 -162725.692 -164272.2881 -165820.6457 -167370.7501 -168922.5866 -170476.1411 -172031.3994 -173588.3476 -175146.9721
-34089.83963 -35334.55742 -36586.70041 -37846.01246 -39112.25452 -40385.20295 -41664.64812 -42950.39308 -44242.2525 -45540.05163 -46843.62544 -48152.81781 -49467.48085 -50787.47427 -52112.66476 -53442.92555 -54778.13589 -56118.18065 -57462.94995 -58812.33878 -60166.24669 -61524.57753 -62887.23912 -64254.14308 -65625.20455 -67000.342 -68379.47704 -69762.53422 -71149.44091 -72540.12711 -73934.52532 -75332.57041 -76734.1995 -78139.35184 -79547.96869 -80959.99327 -82375.37059 -83794.04745 -85215.97227 -86641.09509 -88069.36745 -89500.74234 -90935.17412 -92372.6185 -93813.03242 -95256.37407 -96702.60278 -98151.679 -99603.56425 -101058.2211 -102515.613 -103975.7045 -105438.4609 -106903.8486 -108371.8346 -109842.3869 -111315.4741 -112791.0658 -114269.132 -115749.6438 -117232.5726 -118717.8906 -120205.5708 -121695.5866 -123187.9119 -124682.5215 -126179.3905 -127678.4947 -129179.8101 -130683.3136 -132188.9824 -133696.7942 -135206.727 -136718.7594 -138232.8705 -139749.0397 -141267.2467 -142787.4719 -144309.6957 -145833.8993 -147360.0638 -148888.1709 -150418.2028 -151950.1416 -153483.9702 -155019.6713 -156557.2285 -158096.6251 -159637.8451 -161180.8726 -162725.692 -164272.2881 -165820.6457 -167370.7501 -168922.5866 -170476.1411 -172031.3994 -173588.3476 -175146.9721
# I(g)
57918.21609 56127.15252 54328.66375 52523.00592 50710.41809 48891.12388 47065.33294 45233.24219 43395.03698 41550.89206 39700.97246 37845.43429 35984.42545 34118.08623 32246.54994 30369.94335 28488.38721 26601.99664 24710.88155 22815.14692 20914.89321 19010.21659 17101.2092 15187.95945 13270.55218 11349.06894 9423.588117 7494.185143 5560.93266 3623.900667 1683.156661 -261.2342286 -2209.209118 -4160.707256 -6115.669917 -8074.040302 -10035.76344 -12000.78612 -13969.05677 -15940.52543 -17915.14364 -19892.86439 -21873.64205 -23857.43232 -25844.19217 -27833.87977 -29826.45446 -31821.87671 -33820.10802 -35821.11095 -37824.84905 -39831.2868 -41840.3896 -43852.12373 -45866.4563 -47883.35527 -49902.78933 -51924.72798 -53949.14141 -55976.00054 -58005.27696 -60036.9429 -62070.97125 -64107.33549 -66146.00972 -68186.96858 -70230.18729 -72275.64159 -74323.30776 -76373.16256 -78425.18326 -80479.34759 -82535.63374 -84594.02036 -86654.48652 -88717.01194 -90781.57669 -92848.16119 -94916.74625 -96987.313 -99059.84292 -101134.3178 -103210.7199 -105289.0315 -107369.2355 -109451.3149 -111535.2532 -113621.0339 -115708.6411 -117798.0589 -119889.2719 -121982.2649 -124077.0229 -126173.5312 -128271.7754 -130371.7411 -132473.4146 -134576.782 -136681.8298
57918.21609 56127.15252 54328.66375 52523.00592 50710.41809 48891.12388 47065.33294 45233.24219 43395.03698 41550.89206 39700.97246 37845.43429 35984.42545 34118.08623 32246.54994 30369.94335 28488.38721 26601.99664 24710.88155 22815.14692 20914.89321 19010.21659 17101.2092 15187.95945 13270.55218 11349.06894 9423.588117 7494.185143 5560.93266 3623.900667 1683.156661 -261.2342286 -2209.209118 -4160.707256 -6115.669917 -8074.040302 -10035.76344 -12000.78612 -13969.05677 -15940.52543 -17915.14364 -19892.86439 -21873.64205 -23857.43232 -25844.19217 -27833.87977 -29826.45446 -31821.87671 -33820.10802 -35821.11095 -37824.84905 -39831.2868 -41840.3896 -43852.12373 -45866.4563 -47883.35527 -49902.78933 -51924.72798 -53949.14141 -55976.00054 -58005.27696 -60036.9429 -62070.97125 -64107.33549 -66146.00972 -68186.96858 -70230.18729 -72275.64159 -74323.30776 -76373.16256 -78425.18326 -80479.34759 -82535.63374 -84594.02036 -86654.48652 -88717.01194 -90781.57669 -92848.16119 -94916.74625 -96987.313 -99059.84292 -101134.3178 -103210.7199 -105289.0315 -107369.2355 -109451.3149 -111535.2532 -113621.0339 -115708.6411 -117798.0589 -119889.2719 -121982.2649 -124077.0229 -126173.5312 -128271.7754 -130371.7411 -132473.4146 -134576.782 -136681.8298
57918.21609 56127.15252 54328.66375 52523.00592 50710.41809 48891.12388 47065.33294 45233.24219 43395.03698 41550.89206 39700.97246 37845.43429 35984.42545 34118.08623 32246.54994 30369.94335 28488.38721 26601.99664 24710.88155 22815.14692 20914.89321 19010.21659 17101.2092 15187.95945 13270.55218 11349.06894 9423.588117 7494.185143 5560.93266 3623.900667 1683.156661 -261.2342286 -2209.209118 -4160.707256 -6115.669917 -8074.040302 -10035.76344 -12000.78612 -13969.05677 -15940.52543 -17915.14364 -19892.86439 -21873.64205 -23857.43232 -25844.19217 -27833.87977 -29826.45446 -31821.87671 -33820.10802 -35821.11095 -37824.84905 -39831.2868 -41840.3896 -43852.12373 -45866.4563 -47883.35527 -49902.78933 -51924.72798 -53949.14141 -55976.00054 -58005.27696 -60036.9429 -62070.97125 -64107.33549 -66146.00972 -68186.96858 -70230.18729 -72275.64159 -74323.30776 -76373.16256 -78425.18326 -80479.34759 -82535.63374 -84594.02036 -86654.48652 -88717.01194 -90781.57669 -92848.16119 -94916.74625 -96987.313 -99059.84292 -101134.3178 -103210.7199 -105289.0315 -107369.2355 -109451.3149 -111535.2532 -113621.0339 -115708.6411 -117798.0589 -119889.2719 -121982.2649 -124077.0229 -126173.5312 -128271.7754 -130371.7411 -132473.4146 -134576.782 -136681.8298
# I2(g)
-8016.050282 -10593.12426 -13183.33942 -15786.26193 -18401.48534 -21028.62819 -23667.33174 -26317.25806 -28978.0883 -31649.52109 -34331.27123 -37023.06837 -39724.65592 -42435.79004 -45156.23871 -47885.7809 -50624.20581 -53371.31219 -56126.90772 -58890.80839 -61662.83803 -64442.8278 -67230.61573 -70026.04632 -72828.9702 -75639.24372 -78456.72865 -81281.29192 -84112.80526 -86951.14503 -89796.19191 -92647.83073 -95505.95022 -98370.44282 -101241.2045 -104118.1347 -107001.136 -109890.1139 -112784.9771 -115685.6368 -118592.0071 -121504.0044 -124421.5479 -127344.5587 -130272.9604 -133206.6788 -136145.6414 -139089.7781 -142039.0204 -144993.3018 -147952.5573 -150916.7238 -153885.7398 -156859.5452 -159838.0816 -162821.2919 -165809.1204 -168801.5128 -171798.4161 -174799.7785 -177805.5494 -180815.6794 -183830.1202 -186848.8246 -189871.7464 -192898.8407 -195930.0631 -198965.3706 -202004.7208 -205048.0724 -208095.3849 -211146.6186 -214201.7348 -217260.6953 -220323.463 -223390.0021 -226460.2776 -229534.2548 -232611.8998 -235693.179 -238778.0595 -241866.509 -244958.4954 -248053.9876 -251152.9547 -254255.3665 -257361.1932 -260470.4056 -263582.975 -266698.8731 -269818.0724 -272940.5454 -276066.2656 -279195.2066 -282327.3426 -285462.6483 -288601.0988 -291742.6695 -294887.3366
-8016.050282 -10593.12426 -13183.33942 -15786.26193 -18401.48534 -21028.62819 -23667.33174 -26317.25806 -28978.0883 -31649.52109 -34331.27123 -37023.06837 -39724.65592 -42435.79004 -45156.23871 -47885.7809 -50624.20581 -53371.31219 -56126.90772 -58890.80839 -61662.83803 -64442.8278 -67230.61573 -70026.04632 -72828.9702 -75639.24372 -78456.72865 -81281.29192 -84112.80526 -86951.14503 -89796.19191 -92647.83073 -95505.95022 -98370.44282 -101241.2045 -104118.1347 -107001.136 -109890.1139 -112784.9771 -115685.6368 -118592.0071 -121504.0044 -124421.5479 -127344.5587 -130272.9604 -133206.6788 -136145.6414 -139089.7781 -142039.0204 -144993.3018 -147952.5573 -150916.7238 -153885.7398 -156859.5452 -159838.0816 -162821.2919 -165809.1204 -168801.5128 -171798.4161 -174799.7785 -177805.5494 -180815.6794 -183830.1202 -186848.8246 -189871.7464 -192898.8407 -195930.0631 -198965.3706 -202004.7208 -205048.0724 -208095.3849 -211146.6186 -214201.7348 -217260.6953 -220323.463 -223390.0021 -226460.2776 -229534.2548 -232611.8998 -235693.179 -238778.0595 -241866.509 -244958.4954 -248053.9876 -251152.9547 -254255.3665 -257361.1932 -260470.4056 -263582.975 -266698.8731 -269818.0724 -272940.5454 -276066.2656 -279195.2066 -282327.3426 -285462.6483 -288601.0988 -291742.6695 -294887.3366
-8016.050282 -10593.12426 -13183.33942 -15786.26193 -18401.48534 -21028.62819 -23667.33174 -26317.25806 -28978.0883 -31649.52109 -34331.27123 -37023.06837 -39724.65592 -42435.79004 -45156.23871 -47885.7809 -50624.20581 -53371.31219 -56126.90772 -58890.80839 -61662.83803 -64442.8278 -67230.61573 -70026.04632 -72828.9702 -75639.24372 -78456.72865 -81281.29192 -84112.80526 -86951.14503 -89796.19191 -92647.83073 -95505.95022 -98370.44282 -101241.2045 -104118.1347 -107001.136 -109890.1139 -112784.9771 -115685.6368 -118592.0071 -121504.0044 -124421.5479 -127344.5587 -130272.9604 -133206.6788 -136145.6414 -139089.7781 -142039.0204 -144993.3018 -147952.5573 -150916.7238 -153885.7398 -156859.5452 -159838.0816 -162821.2919 -165809.1204 -168801.5128 -171798.4161 -174799.7785 -177805.5494 -180815.6794 -183830.1202 -186848.8246 -189871.7464 -192898.8407 -195930.0631 -198965.3706 -202004.7208 -205048.0724 -208095.3849 -211146.6186 -214201.7348 -217260.6953 -220323.463 -223390.0021 -226460.2776 -229534.2548 -232611.8998 -235693.179 -238778.0595 -241866.509 -244958.4954 -248053.9876 -251152.9547 -254255.3665 -257361.1932 -260470.4056 -263582.975 -266698.8731 -269818.0724 -272940.5454 -276066.2656 -279195.2066 -282327.3426 -285462.6483 -288601.0988 -291742.6695 -294887.3366
# Pb(g)
147818.9646 146082.0214 144337.653 142586.1157 140827.6483 139062.4745 137290.804 135512.8336 133728.7487 131938.7241 130142.9248 128341.5069 126534.6183 124722.3993 122904.9832 121082.4968 119255.0609 117422.7906 115585.7957 113744.1814 111898.0479 110047.4916 108192.6045 106333.475 104470.188 102602.8251 100731.4646 98856.18196 96977.0498 95094.13813 93207.51444 91317.24386 89423.38927 87526.01143 85625.16904 83720.91891 81813.31601 79902.41355 77988.26308 76070.91458 74150.41648 72226.81581 70300.15816 68370.48784 66437.84787 64502.28006 62563.82505 60622.52236 58678.41046 56731.52676 54781.90769 52829.58874 50874.60445 48916.98852 46956.77376 44993.99218 43028.67501 41060.85268 39090.55493 37117.81075 35142.64845 33165.0957 31185.17948 29202.9262 27218.36163 25231.51095 23242.39881 21251.04927 19257.48589 17261.73168 15263.80916 13263.74038 11261.54689 9257.249776 7250.869092 5242.423807 3231.931814 1219.411202 -795.1200019 -2811.643873 -4830.142616 -6850.598591 -8872.994338 -10897.31259 -12923.53632 -14951.6487 -16981.63317 -19013.47342 -21047.15341 -23082.65736 -25119.9698 -27159.07551 -29199.95959 -31242.6074 -33287.00462 -35333.13722 -37380.99146 -39430.55388 -41481.81135
147818.9646 146082.0214 144337.653 142586.1157 140827.6483 139062.4745 137290.804 135512.8336 133728.7487 131938.7241 130142.9248 128341.5069 126534.6183 124722.3993 122904.9832 121082.4968 119255.0609 117422.7906 115585.7957 113744.1814 111898.0479 110047.4916 108192.6045 106333.475 104470.188 102602.8251 100731.4646 98856.18196 96977.0498 95094.13813 93207.51444 91317.24386 89423.38927 87526.01143 85625.16904 83720.91891 81813.31601 79902.41355 77988.26308 76070.91458 74150.41648 72226.81581 70300.15816 68370.48784 66437.84787 64502.28006 62563.82505 60622.52236 58678.41046 56731.52676 54781.90769 52829.58874 50874.60445 48916.98852 46956.77376 44993.99218 43028.67501 41060.85268 39090.55493 37117.81075 35142.64845 33165.0957 31185.17948 29202.9262 27218.36163 25231.51095 23242.39881 21251.04927 19257.48589 17261.73168 15263.80916 13263.74038 11261.54689 9257.249776 7250.869092 5242.423807 3231.931814 1219.411202 -795.1200019 -2811.643873 -4830.142616 -6850.598591 -8872.994338 -10897.31259 -12923.53632 -14951.6487 -16981.63317 -19013.47342 -21047.15341 -23082.65736 -25119.9698 -27159.07551 -29199.95959 -31242.6074 -33287.00462 -35333.13722 -37380.99146 -39430.55388 -41481.81135
147818.9646 146082.0214 144337.653 142586.1157 140827.6483 139062.4745 137290.804 135512.8336 133728.7487 131938.7241 130142.9248 128341.5069 126534.6183 124722.3993 122904.9832 121082.4968 119255.0609 117422.7906 115585.7957 113744.1814 111898.0479 110047.4916 108192.6045 106333.475 104470.188 102602.8251 100731.4646 98856.18196 96977.0498 95094.13813 93207.51444 91317.24386 89423.38927 87526.01143 85625.16904 83720.91891 81813.31601 79902.41355 77988.26308 76070.91458 74150.41648 72226.81581 70300.15816 68370.48784 66437.84787 64502.28006 62563.82505 60622.52236 58678.41046 56731.52676 54781.90769 52829.58874 50874.60445 48916.98852 46956.77376 44993.99218 43028.67501 41060.85268 39090.55493 37117.81075 35142.64845 33165.0957 31185.17948 29202.9262 27218.36163 25231.51095 23242.39881 21251.04927 19257.48589 17261.73168 15263.80916 13263.74038 11261.54689 9257.249776 7250.869092 5242.423807 3231.931814 1219.411202 -795.1200019 -2811.643873 -4830.142616 -6850.598591 -8872.994338 -10897.31259 -12923.53632 -14951.6487 -16981.63317 -19013.47342 -21047.15341 -23082.65736 -25119.9698 -27159.07551 -29199.95959 -31242.6074 -33287.00462 -35333.13722 -37380.99146 -39430.55388 -41481.81135
# PbI(g)
33141.5646 30367.46382 27580.11344 24779.95858 21967.41557 19142.87467 16306.70241 13459.24368 10600.82357 7731.74901 4852.310264 1962.782219 -936.5744247 -3845.512086 -6763.795347 -9691.200081 -12627.51266 -15572.52926 -18526.05515 -21487.90418 -24457.89814 -27435.86634 -30421.64511 -33415.07737 -36416.01227 -39424.30479 -42439.81546 -45462.41 -48491.95907 -51528.33797 -54571.42643 -57621.10838 -60677.27168 -63739.808 -66808.61257 -69883.58405 -72964.62433 -76051.6384 -79144.53421 -82243.22252 -85347.61676 -88457.63296 -91573.18958 -94694.20746 -97820.60967 -100952.3214 -104089.2701 -107231.3849 -110378.597 -113530.8395 -116688.0471 -119850.1564 -123017.1053 -126188.8336 -129365.2824 -132546.3943 -135732.1134 -138922.3849 -142117.1556 -145316.3734 -148519.9873 -151727.9478 -154940.2061 -158156.7149 -161377.4277 -164602.2992 -167831.2848 -171064.3412 -174301.4258 -177542.4971 -180787.5142 -184036.4373 -187289.2273 -190545.8458 -193806.2553 -197070.4207 -200338.3068 -203609.879 -206885.1034 -210163.9465 -213446.3755 -216732.3578 -220021.8616 -223314.8554 -226611.3084 -229911.1901 -233214.4706 -236521.1205 -239831.1108 -243144.413 -246460.9992 -249780.8417 -253103.9135 -256430.1879 -259759.6387 -263092.2402 -266427.967 -269766.7942 -273108.6972
33141.5646 30367.46382 27580.11344 24779.95858 21967.41557 19142.87467 16306.70241 13459.24368 10600.82357 7731.74901 4852.310264 1962.782219 -936.5744247 -3845.512086 -6763.795347 -9691.200081 -12627.51266 -15572.52926 -18526.05515 -21487.90418 -24457.89814 -27435.86634 -30421.64511 -33415.07737 -36416.01227 -39424.30479 -42439.81546 -45462.41 -48491.95907 -51528.33797 -54571.42643 -57621.10838 -60677.27168 -63739.808 -66808.61257 -69883.58405 -72964.62433 -76051.6384 -79144.53421 -82243.22252 -85347.61676 -88457.63296 -91573.18958 -94694.20746 -97820.60967 -100952.3214 -104089.2701 -107231.3849 -110378.597 -113530.8395 -116688.0471 -119850.1564 -123017.1053 -126188.8336 -129365.2824 -132546.3943 -135732.1134 -138922.3849 -142117.1556 -145316.3734 -148519.9873 -151727.9478 -154940.2061 -158156.7149 -161377.4277 -164602.2992 -167831.2848 -171064.3412 -174301.4258 -177542.4971 -180787.5142 -184036.4373 -187289.2273 -190545.8458 -193806.2553 -197070.4207 -200338.3068 -203609.879 -206885.1034 -210163.9465 -213446.3755 -216732.3578 -220021.8616 -223314.8554 -226611.3084 -229911.1901 -233214.4706 -236521.1205 -239831.1108 -243144.413 -246460.9992 -249780.8417 -253103.9135 -256430.1879 -259759.6387 -263092.2402 -266427.967 -269766.7942 -273108.6972
33141.5646 30367.46382 27580.11344 24779.95858 21967.41557 19142.87467 16306.70241 13459.24368 10600.82357 7731.74901 4852.310264 1962.782219 -936.5744247 -3845.512086 -6763.795347 -9691.200081 -12627.51266 -15572.52926 -18526.05515 -21487.90418 -24457.89814 -27435.86634 -30421.64511 -33415.07737 -36416.01227 -39424.30479 -42439.81546 -45462.41 -48491.95907 -51528.33797 -54571.42643 -57621.10838 -60677.27168 -63739.808 -66808.61257 -69883.58405 -72964.62433 -76051.6384 -79144.53421 -82243.22252 -85347.61676 -88457.63296 -91573.18958 -94694.20746 -97820.60967 -100952.3214 -104089.2701 -107231.3849 -110378.597 -113530.8395 -116688.0471 -119850.1564 -123017.1053 -126188.8336 -129365.2824 -132546.3943 -135732.1134 -138922.3849 -142117.1556 -145316.3734 -148519.9873 -151727.9478 -154940.2061 -158156.7149 -161377.4277 -164602.2992 -167831.2848 -171064.3412 -174301.4258 -177542.4971 -180787.5142 -184036.4373 -187289.2273 -190545.8458 -193806.2553 -197070.4207 -200338.3068 -203609.879 -206885.1034 -210163.9465 -213446.3755 -216732.3578 -220021.8616 -223314.8554 -226611.3084 -229911.1901 -233214.4706 -236521.1205 -239831.1108 -243144.413 -246460.9992 -249780.8417 -253103.9135 -256430.1879 -259759.6387 -263092.2402 -266427.967 -269766.7942 -273108.6972
# PbI2(g)
-105535.8627 -109015.789 -112516.0948 -116036.1027 -119575.1787 -123132.7273 -126708.1888 -130301.0358 -133910.7707 -137536.9234 -141179.0487 -144836.7249 -148509.5516 -152197.1482 -155899.1529 -159615.2207 -163345.0229 -167088.2453 -170844.5881 -174613.7641 -178395.4985 -182189.528 -185995.6 -189813.4717 -193642.9104 -197483.6919 -201335.6006 -205198.429 -209071.977 -212956.0518 -216850.4673 -220755.0439 -224669.6079 -228593.9918 -232528.0332 -236471.5752 -240424.4659 -244386.558 -248357.7088 -252337.7802 -256326.6378 -260324.1515 -264330.1949 -268344.6451 -272367.383 -276398.2924 -280437.2606 -284484.1778 -288538.9373 -292601.4351 -296671.57 -300749.2432 -304834.3586 -308926.8226 -313026.5437 -317133.4327 -321247.4027 -325368.3688 -329496.2479 -333630.9592 -337772.4236 -341920.5637 -346075.3041 -350236.5707 -354404.2915 -358578.3957 -362758.8142 -366945.4794 -371138.3251 -375337.2864 -379542.2999 -383753.3034 -387970.2359 -392193.0377 -396421.6507 -400656.0169 -404896.0805 -409141.7862 -413393.0799 -417649.9086 -421912.2202 -426179.9636 -430453.0887 -434731.5462 -439015.2878 -443304.2659 -447598.434 -451897.7462 -456202.1575 -460511.6237 -464826.1014 -469145.5477 -473469.9207 -477799.179 -482133.2821 -486472.19 -490815.8633 -495164.2635 -499517.3525
-105535.8627 -109015.789 -112516.0948 -116036.1027 -119575.1787 -123132.7273 -126708.1888 -130301.0358 -133910.7707 -137536.9234 -141179.0487 -144836.7249 -148509.5516 -152197.1482 -155899.1529 -159615.2207 -163345.0229 -167088.2453 -170844.5881 -174613.7641 -178395.4985 -182189.528 -185995.6 -189813.4717 -193642.9104 -197483.6919 -201335.6006 -205198.429 -209071.977 -212956.0518 -216850.4673 -220755.0439 -224669.6079 -228593.9918 -232528.0332 -236471.5752 -240424.4659 -244386.558 -248357.7088 -252337.7802 -256326.6378 -260324.1515 -264330.1949 -268344.6451 -272367.383 -276398.2924 -280437.2606 -284484.1778 -288538.9373 -292601.4351 -296671.57 -300749.2432 -304834.3586 -308926.8226 -313026.5437 -317133.4327 -321247.4027 -325368.3688 -329496.2479 -333630.9592 -337772.4236 -341920.5637 -346075.3041 -350236.5707 -354404.2915 -358578.3957 -362758.8142 -366945.4794 -371138.3251 -375337.2864 -379542.2999 -383753.3034 -387970.2359 -392193.0377 -396421.6507 -400656.0169 -404896.0805 -409141.7862 -413393.0799 -417649.9086 -421912.2202 -426179.9636 -430453.0887 -434731.5462 -439015.2878 -443304.2659 -447598.434 -451897.7462 -456202.1575 -460511.6237 -464826.1014 -469145.5477 -473469.9207 -477799.179 -482133.2821 -486472.19 -490815.8633 -495164.2635 -499517.3525
-105535.8627 -109015.789 -112516.0948 -116036.1027 -119575.1787 -123132.7273 -126708.1888 -130301.0358 -133910.7707 -137536.9234 -141179.0487 -144836.7249 -148509.5516 -152197.1482 -155899.1529 -159615.2207 -163345.0229 -167088.2453 -170844.5881 -174613.7641 -178395.4985 -182189.528 -185995.6 -189813.4717 -193642.9104 -197483.6919 -201335.6006 -205198.429 -209071.977 -212956.0518 -216850.4673 -220755.0439 -224669.6079 -228593.9918 -232528.0332 -236471.5752 -240424.4659 -244386.558 -248357.7088 -252337.7802 -256326.6378 -260324.1515 -264330.1949 -268344.6451 -272367.383 -276398.2924 -280437.2606 -284484.1778 -288538.9373 -292601.4351 -296671.57 -300749.2432 -304834.3586 -308926.8226 -313026.5437 -317133.4327 -321247.4027 -325368.3688 -329496.2479 -333630.9592 -337772.4236 -341920.5637 -346075.3041 -350236.5707 -354404.2915 -358578.3957 -362758.8142 -366945.4794 -371138.3251 -375337.2864 -379542.2999 -383753.3034 -387970.2359 -392193.0377 -396421.6507 -400656.0169 -404896.0805 -409141.7862 -413393.0799 -417649.9086 -421912.2202 -426179.9636 -430453.0887 -434731.5462 -439015.2878 -443304.2659 -447598.434 -451897.7462 -456202.1575 -460511.6237 -464826.1014 -469145.5477 -473469.9207 -477799.179 -482133.2821 -486472.19 -490815.8633 -495164.2635 -499517.3525
# PbI2(cr)
-223315.9635 -225001.8993 -226715.4195 -228455.6392 -230221.7177 -232012.8405 -233828.2468 -235667.2283 -237529.1241 -239413.3154 -241319.2224 -243246.3 -245194.0347 -247161.9424 -249149.5654 -251156.4705 -253182.2471 -255226.5053 -257288.8743 -259369.0011 -261466.5494 -263581.1982 -265712.6406 -267860.5835 -270024.7459 -272204.8587 -274400.6637 -276611.9133 -278838.3691 -281079.8022 -283335.9923 -285606.727 -287891.8018 -290191.0194 -292504.1894 -294831.1279 -297171.657 -299525.6051 -301892.8059 -304273.0984 -306666.3268 -309072.3401 -311490.9918 -313922.1399 -316365.6466 -318821.378 -321289.2042 -323768.9989 -326260.6392 -328764.0057 -331278.9823 -333805.456 -336343.3164 -338892.4566 -341452.7719 -344024.1606 -346606.5233 -349199.7632 -351803.7858 -354418.499 -357043.8126 -359679.639 -362325.8921 -364982.4881 -367649.345 -370326.3827 -373013.5228 -375710.6888 -378417.8055 -381134.7997 -383861.5994 -386598.1345 -389344.3361 -392100.1367 -394865.4703 -397640.2721 -400424.4787 -403218.028 -406020.8589 -408832.9116 -411654.1276 -414484.4492 -417323.8201 -420172.1847 -423029.4888 -425895.6789 -428770.7027 -431654.5086 -434547.0461 -437448.2654 -440358.1179 -443276.5555 -446203.531 -449138.9982 -452082.9116 -455035.2262 -457995.898 -460964.8838 -463942.1408
-223314.4667 -225000.4025 -226713.9227 -228454.1424 -230220.2209 -232011.3437 -233826.75 -235665.7315 -237527.6273 -239411.8186 -241317.7256 -243244.8032 -245192.5379 -247160.4456 -249148.0686 -251154.9737 -253180.7503 -255225.0085 -257287.3775 -259367.5043 -261465.0526 -263579.7014 -265711.1438 -267859.0867 -270023.2491 -272203.3619 -274399.1669 -276610.4165 -278836.8723 -281078.3054 -283334.4955 -285605.2302 -287890.305 -290189.5226 -292502.6926 -294829.6311 -297170.1602 -299524.1083 -301891.3091 -304271.6016 -306664.83 -309070.8433 -311489.495 -313920.6431 -316364.1498 -318819.8812 -321287.7074 -323767.5021 -326259.1424 -328762.5089 -331277.4855 -333803.9592 -336341.8196 -338890.9598 -341451.2751 -344022.6638 -346605.0265 -349198.2664 -351802.289 -354417.0022 -357042.3158 -359678.1422 -362324.3953 -364980.9913 -367647.8482 -370324.8859 -373012.026 -375709.192 -378416.3087 -381133.3029 -383860.1026 -386596.6377 -389342.8393 -392098.6399 -394863.9735 -397638.7753 -400422.9819 -403216.5312 -406019.3621 -408831.4148 -411652.6308 -414482.9524 -417322.3233 -420170.6879 -423027.992 -425894.1821 -428769.2059 -431653.0118 -434545.5493 -437446.7686 -440356.6211 -443275.0587 -446202.0342 -449137.5014 -452081.4148 -455033.7294 -457994.4012 -460963.387 -463940.644
-223312.9699 -224998.9057 -226712.4259 -228452.6456 -230218.7241 -232009.8469 -233825.2532 -235664.2347 -237526.1305 -239410.3218 -241316.2288 -243243.3064 -245191.0411 -247158.9488 -249146.5718 -251153.4769 -253179.2535 -255223.5117 -257285.8807 -259366.0075 -261463.5558 -263578.2046 -265709.647 -267857.5899 -270021.7523 -272201.8651 -274397.6701 -276608.9197 -278835.3755 -281076.8086 -283332.9987 -285603.7334 -287888.8082 -290188.0258 -292501.1958 -294828.1343 -297168.6634 -299522.6115 -301889.8123 -304270.1048 -306663.3332 -309069.3465 -311487.9982 -313919.1463 -316362.653 -318818.3844 -321286.2106 -323766.0053 -326257.6456 -328761.0121 -331275.9887 -333802.4624 -336340.3228 -338889.463 -341449.7783 -344021.167 -346603.5297 -349196.7696 -351800.7922 -354415.5054 -357040.819 -359676.6454 -362322.8985 -364979.4945 -367646.3514 -370323.3891 -373010.5292 -375707.6952 -378414.8119 -381131.8061 -383858.6058 -386595.1409 -389341.3425 -392097.1431 -394862.4767 -397637.2785 -400421.4851 -403215.0344 -406017.8653 -408829.918 -411651.134 -414481.4556 -417320.8265 -420169.1911 -423026.4952 -425892.6853 -428767.7091 -431651.515 -434544.0525 -437445.2718 -440355.1243 -443273.5619 -446200.5374 -449136.0046 -452079.918 -455032.2326 -457992.9044 -460961.8902 -463939.1472
# PbI2(l)
-213564.1324 -215331.2247 -217137.2537 -218980.8762 -220860.8385 -222775.968 -224725.1653 -226707.3978 -228721.6936 -230767.1363 -232842.8605 -234948.0475 -237081.922 -239243.748 -241432.8268 -243648.4933 -245890.1146 -248157.0869 -250448.8338 -252764.8049 -255104.4733 -257467.3348 -259852.9062 -262260.7239 -264690.343 -267141.3358 -269613.2913 -272105.814 -274618.5229 -277151.051 -279703.0443 -282274.1612 -284864.0721 -287472.4583 -290099.012 -292743.4352 -295405.4397 -298084.7464 -300781.0849 -303494.1933 -306223.8173 -308969.7106 -311731.6337 -314509.3543 -317302.6469 -320111.292 -322935.0763 -325773.7926 -328627.239 -331495.219 -334377.5415 -337274.0201 -340184.4734 -343108.7244 -346046.6008 -348997.9342 -351962.5605 -354940.3196 -357931.0551 -360934.6144 -363950.8483 -366979.6111 -370020.7605 -373074.1573 -376139.6654 -379217.1516 -382306.4859 -385407.5407 -388520.1915 -391644.316 -394779.7949 -397926.5111 -401084.3498 -404253.1987 -407432.9478 -410623.489 -413824.7166 -417036.5269 -420258.818 -423491.4902 -426734.4455 -429987.5878 -433250.8228 -436524.0579 -439807.2021 -443100.1663 -446402.8626 -449715.205 -453037.109 -456368.4912 -459709.27 -463059.3652 -466418.6977 -469787.1899 -473164.7655 -476551.3494 -479946.8678 -483351.2481 -486764.4187
-213562.6356 -215329.7279 -217135.7569 -218979.3794 -220859.3417 -222774.4712 -224723.6685 -226705.901 -228720.1968 -230765.6395 -232841.3637 -234946.5507 -237080.4252 -239242.2512 -241431.33 -243646.9965 -245888.6178 -248155.5901 -250447.337 -252763.3081 -255102.9765 -257465.838 -259851.4094 -262259.2271 -264688.8462 -267139.839 -269611.7945 -272104.3172 -274617.0261 -277149.5542 -279701.5475 -282272.6644 -284862.5753 -287470.9615 -290097.5152 -292741.9384 -295403.9429 -298083.2496 -300779.5881 -303492.6965 -306222.3205 -308968.2138 -311730.1369 -314507.8575 -317301.1501 -320109.7952 -322933.5795 -325772.2958 -328625.7422 -331493.7222 -334376.0447 -337272.5233 -340182.9766 -343107.2276 -346045.104 -348996.4374 -351961.0637 -354938.8228 -357929.5583 -360933.1176 -363949.3515 -366978.1143 -370019.2637 -373072.6605 -376138.1686 -379215.6548 -382304.9891 -385406.0439 -388518.6947 -391642.8192 -394778.2981 -397925.0143 -401082.853 -404251.7019 -407431.451 -410621.9922 -413823.2198 -417035.0301 -420257.3212 -423489.9934 -426732.9487 -429986.091 -433249.326 -436522.5611 -439805.7053 -443098.6695 -446401.3658 -449713.7082 -453035.6122 -456366.9944 -459707.7732 -463057.8684 -466417.2009 -469785.6931 -473163.2687 -476549.8526 -479945.371 -483349.7513 -486762.9219
-213561.1388 -215328.2311 -217134.2601 -218977.8826 -220857.8449 -222772.9744 -224722.1717 -226704.4042 -228718.7 -230764.1427 -232839.8669 -234945.0539 -237078.9284 -239240.7544 -241429.8332 -243645.4997 -245887.121 -248154.0933 -250445.8402 -252761.8113 -255101.4797 -257464.3412 -259849.9126 -262257.7303 -264687.3494 -267138.3422 -269610.2977 -272102.8204 -274615.5293 -277148.0574 -279700.0507 -282271.1676 -284861.0785 -287469.4647 -290096.0184 -292740.4416 -295402.4461 -298081.7528 -300778.0913 -303491.1997 -306220.8237 -308966.717 -311728.6401 -314506.3607 -317299.6533 -320108.2984 -322932.0827 -325770.799 -328624.2454 -331492.2254 -334374.5479 -337271.0265 -340181.4798 -343105.7308 -346043.6072 -348994.9406 -351959.5669 -354937.326 -357928.0615 -360931.6208 -363947.8547 -366976.6175 -370017.7669 -373071.1637 -376136.6718 -379214.158 -382303.4923 -385404.5471 -388517.1979 -391641.3224 -394776.8013 -397923.5175 -401081.3562 -404250.2051 -407429.9542 -410620.4954 -413821.723 -417033.5333 -420255.8244 -423488.4966 -426731.4519 -429984.5942 -433247.8292 -436521.0643 -439804.2085 -443097.1727 -446399.869 -449712.2114 -453034.1154 -456365.4976 -459706.2764 -463056.3716 -466415.7041 -469784.1963 -473161.7719 -476548.3558 -479943.8742 -483348.2545 -486761.4251
# Pb(cr)
-17532.72296 -18159.25857 -18795.25153 -19440.40766 -20094.45523 -20757.14217 -21428.23374 -22107.51031 -22794.76562 -23489.80519 -24192.44508 -24902.51077 -25619.8363 -26344.26351 -27075.64144 -27813.82585 -28558.67873 -29310.06803 -30067.86728 -30831.95538 -31602.21632 -32378.53898 -33160.81689 -33948.94806 -34742.83473 -35542.38316 -36347.50341 -37158.10907 -37974.11704 -38795.44723 -39622.02227 -40453.76719 -41290.6091 -42132.47683 -42979.30055 -43831.01138 -44687.54097 -45548.82107 -46414.78306 -47285.35749 -48160.47357 -49040.05865 -49924.0377 -50812.33273 -51704.86227 -52601.54071 -53502.27778 -54406.97784 -55315.53931 -56227.85401 -57143.80644 -58063.27319 -58986.12215 -59912.21189 -60841.39087 -61773.49677 -62708.35571 -63645.78148 -64585.57482 -65527.52265 -66471.39721 -67416.95535 -68363.93767 -69312.06776 -70261.05131 -71210.57534 -72160.30733 -73109.8944 -74058.96242 -75007.1152 -75953.93356 -76898.97454 -77841.77042 -78781.82794 -79718.62733 -80651.62143 -81580.23483 -82503.86291 -83421.87095 -84333.59321 -85238.33201 -86135.3568 -87023.90325 -87903.17226 -88772.32908 -89630.50233 -90476.78308 -91310.22388 -92129.8378 -92934.59749 -93723.43422 -94495.23691 -95248.85114 -95983.07821 -96696.67418 -97388.34884 -98056.7648 -98700.53643 -99318.22895
-17532.35756 -18158.89317 -18794.88613 -19440.04226 -20094.08983 -20756.77677 -21427.86834 -22107.14491 -22794.40022 -23489.43979 -24192.07968 -24902.14537 -25619.4709 -26343.89811 -27075.27604 -27813.46045 -28558.31333 -29309.70263 -30067.50188 -30831.58998 -31601.85092 -32378.17358 -33160.45149 -33948.58266 -34742.46933 -35542.01776 -36347.13801 -37157.74367 -37973.75164 -38795.08183 -39621.65687 -40453.40179 -41290.2437 -42132.11143 -42978.93515 -43830.64598 -44687.17557 -45548.45567 -46414.41766 -47284.99209 -48160.10817 -49039.69325 -49923.6723 -50811.96733 -51704.49687 -52601.17531 -53501.91238 -54406.61244 -55315.17391 -56227.48861 -57143.44104 -58062.90779 -58985.75675 -59911.84649 -60841.02547 -61773.13137 -62707.99031 -63645.41608 -64585.20942 -65527.15725 -66471.03181 -67416.58995 -68363.57227 -69311.70236 -70260.68591 -71210.20994 -72159.94193 -73109.529 -74058.59702 -75006.7498 -75953.56816 -76898.60914 -77841.40502 -78781.46254 -79718.26193 -80651.25603 -81579.86943 -82503.49751 -83421.50555 -84333.22781 -85237.96661 -86134.9914 -87023.53785 -87902.80686 -88771.96368 -89630.13693 -90476.41768 -91309.85848 -92129.4724 -92934.23209 -93723.06882 -94494.87151 -95248.48574 -95982.71281 -96696.30878 -97387.98344 -98056.3994 -98700.17103 -99317.86355
-17531.99216 -18158.52777 -18794.52073 -19439.67686 -20093.72443 -20756.41137 -21427.50294 -22106.77951 -22794.03482 -23489.07439 -24191.71428 -24901.77997 -25619.1055 -26343.53271 -27074.91064 -27813.09505 -28557.94793 -29309.33723 -30067.13648 -30831.22458 -31601.48552 -32377.80818 -33160.08609 -33948.21726 -34742.10393 -35541.65236 -36346.77261 -37157.37827 -37973.38624 -38794.71643 -39621.29147 -40453.03639 -41289.8783 -42131.74603 -42978.56975 -43830.28058 -44686.81017 -45548.09027 -46414.05226 -47284.62669 -48159.74277 -49039.32785 -49923.3069 -50811.60193 -51704.13147 -52600.80991 -53501.54698 -54406.24704 -55314.80851 -56227.12321 -57143.07564 -58062.54239 -58985.39135 -59911.48109 -60840.66007 -61772.76597 -62707.62491 -63645.05068 -64584.84402 -65526.79185 -66470.66641 -67416.22455 -68363.20687 -69311.33696 -70260.32051 -71209.84454 -72159.57653 -73109.1636 -74058.23162 -75006.3844 -75953.20276 -76898.24374 -77841.03962 -78781.09714 -79717.89653 -80650.89063 -81579.50403 -82503.13211 -83421.14015 -84332.86241 -85237.60121 -86134.626 -87023.17245 -87902.44146 -88771.59828 -89629.77153 -90476.05228 -91309.49308 -92129.107 -92933.86669 -93722.70342 -94494.50611 -95248.12034 -95982.34741 -96695.94338 -97387.61804 -98056.034 -98699.80563 -99317.49815
# Pb(l)
-15138.64943 -15824.34022 -16520.63667 -17227.23954 -17943.86079 -18670.22368 -19406.06251 -20151.12246 -20905.15918 -21667.93844 -22439.23571 -23218.83574 -24006.53212 -24802.12691 -25605.43015 -26416.25956 -27234.44009 -28059.80358 -28892.18841 -29731.4392 -30577.40644 -31429.94625 -32288.92009 -33154.19448 -34025.64074 -34903.13482 -35786.55699 -36675.79171 -37570.7274 -38471.25623 -39377.274 -40288.67993 -41205.37654 -42127.26947 -43054.26736 -43986.28172 -44923.22678 -45865.01943 -46811.57904 -47762.8274 -48718.68861 -49679.08899 -50643.95698 -51613.22304 -52586.81962 -53564.68102 -54546.74339 -55532.94459 -56523.22415 -57517.52324 -58515.78455 -59517.9523 -60523.97212 -61533.79105 -62547.35746 -63564.62103 -64585.53265 -65610.04446 -66638.10975 -67669.68291 -68704.71946 -69743.17594 -70785.00992 -71830.17996 -72878.64557 -73930.36716 -74985.30607 -76043.42448 -77104.68543 -78169.05275 -79236.49108 -80306.96581 -81380.44308 -82456.88975 -83536.27338 -84618.56221 -85703.72514 -86791.7317 -87882.55206 -88976.15698 -90072.51783 -91171.60652 -92273.39554 -93377.85793 -94484.96723 -95594.69751 -96707.02334 -97821.91977 -98939.36232 -100059.327 -101181.7902 -102306.7289 -103434.1203 -104563.9421 -105696.1726 -106830.7901 -107967.7736 -109107.1025 -110248.7563
-15138.28403 -15823.97482 -16520.27127 -17226.87414 -17943.49539 -18669.85828 -19405.69711 -20150.75706 -20904.79378 -21667.57304 -22438.87031 -23218.47034 -24006.16672 -24801.76151 -25605.06475 -26415.89416 -27234.07469 -28059.43818 -28891.82301 -29731.0738 -30577.04104 -31429.58085 -32288.55469 -33153.82908 -34025.27534 -34902.76942 -35786.19159 -36675.42631 -37570.362 -38470.89083 -39376.9086 -40288.31453 -41205.01114 -42126.90407 -43053.90196 -43985.91632 -44922.86138 -45864.65403 -46811.21364 -47762.462 -48718.32321 -49678.72359 -50643.59158 -51612.85764 -52586.45422 -53564.31562 -54546.37799 -55532.57919 -56522.85875 -57517.15784 -58515.41915 -59517.5869 -60523.60672 -61533.42565 -62546.99206 -63564.25563 -64585.16725 -65609.67906 -66637.74435 -67669.31751 -68704.35406 -69742.81054 -70784.64452 -71829.81456 -72878.28017 -73930.00176 -74984.94067 -76043.05908 -77104.32003 -78168.68735 -79236.12568 -80306.60041 -81380.07768 -82456.52435 -83535.90798 -84618.19681 -85703.35974 -86791.3663 -87882.18666 -88975.79158 -90072.15243 -91171.24112 -92273.03014 -93377.49253 -94484.60183 -95594.33211 -96706.65794 -97821.55437 -98938.99692 -100058.9616 -101181.4248 -102306.3635 -103433.7549 -104563.5767 -105695.8072 -106830.4247 -107967.4082 -109106.7371 -110248.3909
-15137.91863 -15823.60942 -16519.90587 -17226.50874 -17943.12999 -18669.49288 -19405.33171 -20150.39166 -20904.42838 -21667.20764 -22438.50491 -23218.10494 -24005.80132 -24801.39611 -25604.69935 -26415.52876 -27233.70929 -28059.07278 -28891.45761 -29730.7084 -30576.67564 -31429.21545 -32288.18929 -33153.46368 -34024.90994 -34902.40402 -35785.82619 -36675.06091 -37569.9966 -38470.52543 -39376.5432 -40287.94913 -41204.64574 -42126.53867 -43053.53656 -43985.55092 -44922.49598 -45864.28863 -46810.84824 -47762.0966 -48717.95781 -49678.35819 -50643.22618 -51612.49224 -52586.08882 -53563.95022 -54546.01259 -55532.21379 -56522.49335 -57516.79244 -58515.05375 -59517.2215 -60523.24132 -61533.06025 -62546.62666 -63563.89023 -64584.80185 -65609.31366 -66637.37895 -67668.95211 -68703.98866 -69742.44514 -70784.27912 -71829.44916 -72877.91477 -73929.63636 -74984.57527 -76042.69368 -77103.95463 -78168.32195 -79235.76028 -80306.23501 -81379.71228 -82456.15895 -83535.54258 -84617.83141 -85702.99434 -86791.0009 -87881.82126 -88975.42618 -90071.78703 -91170.87572 -92272.66474 -93377.12713 -94484.23643 -95593.96671 -96706.29254 -97821.18897 -98938.63152 -100058.5962 -101181.0594 -102305.9981 -103433.3895 -104563.2113 -105695.4418 -106830.0593 -107967.0428 -109106.3717 -110248.0255
<H0>
# He(g)
-585.1303067 -377.2687413 -169.4071758 38.45438961 246.3159551 454.1775205 662.039086 869.9006514 1077.762217 1285.623782 1493.485348 1701.346913 1909.208479 2117.070044 2324.93161 2532.793175 2740.65474 2948.516306 3156.377871 3364.239437 3572.101002 3779.962568 3987.824133 4195.685699 4403.547264 4611.40883 4819.270395 5027.13196 5234.993526 5442.855091 5650.716657 5858.578222 6066.439788 6274.301353 6482.162919 6690.024484 6897.886049 7105.747615 7313.60918 7521.470746 7729.332311 7937.193877 8145.055442 8352.917008 8560.778573 8768.640139 8976.501704 9184.363269 9392.224835 9600.0864 9807.947966 10015.80953 10223.6711 10431.53266 10639.39423 10847.25579 11055.11736 11262.97892 11470.84049 11678.70205 11886.56362 12094.42519 12302.28675 12510.14832 12718.00988 12925.87145 13133.73301 13341.59458 13549.45614 13757.31771 13965.17927 14173.04084 14380.90241 14588.76397 14796.62554 15004.4871 15212.34867 15420.21023 15628.0718 15835.93336 16043.79493 16251.65649 16459.51806 16667.37963 16875.24119 17083.10276 17290.96432 17498.82589 17706.68745 17914.54902 18122.41058 18330.27215 18538.13371 18745.99528 18953.85685 19161.71841 19369.57998 19577.44154 19785.30311
-585.1303067 -377.2687413 -169.4071758 38.45438961 246.3159551 454.1775205 662.039086 869.9006514 1077.762217 1285.623782 1493.485348 1701.346913 1909.208479 2117.070044 2324.93161 2532.793175 2740.65474 2948.516306 3156.377871 3364.239437 3572.101002 3779.962568 3987.824133 4195.685699 4403.547264 4611.40883 4819.270395 5027.13196 5234.993526 5442.855091 5650.716657 5858.578222 6066.439788 6274.301353 6482.162919 6690.024484 6897.886049 7105.747615 7313.60918 7521.470746 7729.332311 7937.193877 8145.055442 8352.917008 8560.778573 8768.640139 8976.501704 9184.363269 9392.224835 9600.0864 9807.947966 10015.80953 10223.6711 10431.53266 10639.39423 10847.25579 11055.11736 11262.97892 11470.84049 11678.70205 11886.56362 12094.42519 12302.28675 12510.14832 12718.00988 12925.87145 13133.73301 13341.59458 13549.45614 13757.31771 13965.17927 14173.04084 14380.90241 14588.76397 14796.62554 15004.4871 15212.34867 15420.21023 15628.0718 15835.93336 16043.79493 16251.65649 16459.51806 16667.37963 16875.24119 17083.10276 17290.96432 17498.82589 17706.68745 17914.54902 18122.41058 18330.27215 18538.13371 18745.99528 18953.85685 19161.71841 19369.57998 19577.44154 19785.30311
-585.1303067 -377.2687413 -169.4071758 38.45438961 246.3159551 454.1775205 662.039086 869.9006514 1077.762217 1285.623782 1493.485348 1701.346913 1909.208479 2117.070044 2324.93161 2532.793175 2740.65474 2948.516306 3156.377871 3364.239437 3572.101002 3779.962568 3987.824133 4195.685699 4403.547264 4611.40883 4819.270395 5027.13196 5234.993526 5442.855091 5650.716657 5858.578222 6066.439788 6274.301353 6482.162919 6690.024484 6897.886049 7105.747615 7313.60918 7521.470746 7729.332311 7937.193877 8145.055442 8352.917008 8560.778573 8768.640139 8976.501704 9184.363269 9392.224835 9600.0864 9807.947966 10015.80953 10223.6711 10431.53266 10639.39423 10847.25579 11055.11736 11262.97892 11470.84049 11678.70205 11886.56362 12094.42519 12302.28675 12510.14832 12718.00988 12925.87145 13133.73301 13341.59458 13549.45614 13757.31771 13965.17927 14173.04084 14380.90241 14588.76397 14796.62554 15004.4871 15212.34867 15420.21023 15628.0718 15835.93336 16043.79493 16251.65649 16459.51806 16667.37963 16875.24119 17083.10276 17290.96432 17498.82589 17706.68745 17914.54902 18122.41058 18330.27215 18538.13371 18745.99528 18953.85685 19161.71841 19369.57998 19577.44154 19785.30311
# I(g)
106174.2617 106382.123 106589.9844 106797.846 107005.7076 107213.5693 107421.431 107629.2927 107837.1544 108045.0161 108252.8777 108460.7394 108668.601 108876.4626 109084.3242 109292.1857 109500.0472 109707.9087 109915.7703 110123.6318 110331.4933 110539.3548 110747.2163 110955.0778 111162.9394 111370.8009 111578.6625 111786.5241 111994.3857 112202.2473 112410.109 112617.9707 112825.8324 113033.6942 113241.556 113449.4178 113657.2797 113865.1417 114073.0038 114280.8661 114488.7284 114696.591 114904.4538 115112.3168 115320.1802 115528.044 115735.9081 115943.7728 116151.6381 116359.5041 116567.3709 116775.2386 116983.1073 117190.9772 117398.8484 117606.7211 117814.5954 118022.4716 118230.3498 118438.2303 118646.1133 118853.9991 119061.8879 119269.7801 119477.6758 119685.5756 119893.4796 120101.3884 120309.3022 120517.2216 120725.1468 120933.0785 121141.0171 121348.9631 121556.9284 121764.9224 121972.9423 122180.9857 122389.0505 122597.1348 122805.2372 123013.3562 123221.491 123429.6406 123637.8045 123845.9821 124054.1734 124262.3782 124470.5964 124678.8285 124887.0745 125095.3351 125303.6106 125511.9018 125720.2093 125928.5339 126136.8766 126345.2382 126553.6197
106174.2617 106382.123 106589.9844 106797.846 107005.7076 107213.5693 107421.431 107629.2927 107837.1544 108045.0161 108252.8777 108460.7394 108668.601 108876.4626 109084.3242 109292.1857 109500.0472 109707.9087 109915.7703 110123.6318 110331.4933 110539.3548 110747.2163 110955.0778 111162.9394 111370.8009 111578.6625 111786.5241 111994.3857 112202.2473 112410.109 112617.9707 112825.8324 113033.6942 113241.556 113449.4178 113657.2797 113865.1417 114073.0038 114280.8661 114488.7284 114696.591 114904.4538 115112.3168 115320.1802 115528.044 115735.9081 115943.7728 116151.6381 116359.5041 116567.3709 116775.2386 116983.1073 117190.9772 117398.8484 117606.7211 117814.5954 118022.4716 118230.3498 118438.2303 118646.1133 118853.9991 119061.8879 119269.7801 119477.6758 119685.5756 119893.4796 120101.3884 120309.3022 120517.2216 120725.1468 120933.0785 121141.0171 121348.9631 121556.9284 121764.9224 121972.9423 122180.9857 122389.0505 122597.1348 122805.2372 123013.3562 123221.491 123429.6406 123637.8045 123845.9821 124054.1734 124262.3782 124470.5964 124678.8285 124887.0745 125095.3351 125303.6106 125511.9018 125720.2093 125928.5339 126136.8766 126345.2382 126553.6197
106174.2617 106382.123 106589.9844 106797.846 107005.7076 107213.5693 107421.431 107629.2927 107837.1544 108045.0161 108252.8777 108460.7394 108668.601 108876.4626 109084.3242 109292.1857 109500.0472 109707.9087 109915.7703 110123.6318 110331.4933 110539.3548 110747.2163 110955.0778 111162.9394 111370.8009 111578.6625 111786.5241 111994.3857 112202.2473 112410.109 112617.9707 112825.8324 113033.6942 113241.556 113449.4178 113657.2797 113865.1417 114073.0038 114280.8661 114488.7284 114696.591 114904.4538 115112.3168 115320.1802 115528.044 115735.9081 115943.7728 116151.6381 116359.5041 116567.3709 116775.2386 116983.1073 117190.9772 117398.8484 117606.7211 117814.5954 118022.4716 118230.3498 118438.2303 118646.1133 118853.9991 119061.8879 119269.7801 119477.6758 119685.5756 119893.4796 120101.3884 120309.3022 120517.2216 120725.1468 120933.0785 121141.0171 121348.9631 121556.9284 121764.9224 121972.9423 122180.9857 122389.0505 122597.1348 122805.2372 123013.3562 123221.491 123429.6406 123637.8045 123845.9821 124054.1734 124262.3782 124470.5964 124678.8285 124887.0745 125095.3351 125303.6106 125511.9018 125720.2093 125928.5339 126136.8766 126345.2382 126553.6197
# I2(g)
61383.43638 61751.01613 62119.18491 62487.89431 62857.10182 63226.76996 63596.86552 63967.35898 64338.224 64709.43699 65080.97676 65452.82422 65824.96213 66197.37486 66570.04824 66942.96937 67316.12649 67689.50885 68063.10662 68436.9108 68810.91312 69185.10599 69559.48242 69934.03598 70308.76073 70683.65122 71058.70239 71433.90958 71809.2685 72184.77516 72560.4259 72936.21732 73312.14629 73688.20993 74064.40557 74440.73075 74817.18322 75193.7609 75570.46189 75947.28443 76324.22694 76701.28797 77078.46619 77455.76041 77833.16957 78210.6927 78588.32894 78966.07754 79343.93785 79721.90929 80099.99139 80478.18374 80856.48603 81234.898 81613.41949 81992.05037 82370.79061 82749.64023 83128.59929 83507.66794 83886.84636 84266.13478 84645.53349 85025.04283 85404.66318 85784.39495 86164.23862 86544.19468 86924.26368 87304.4462 87684.74285 88065.15428 88445.68117 88826.32422 89207.13108 89588.13724 89969.32662 90350.68528 90732.20117 91113.86402 91495.66514 91877.59735 92259.6548 92641.83288 93024.12811 93406.53804 93789.06117 94171.69683 94554.44514 94937.30692 95320.28362 95703.37726 96086.59038 96469.92595 96853.38738 97236.97843 97620.70316 98004.56594 98388.57134
61383.43638 61751.01613 62119.18491 62487.89431 62857.10182 63226.76996 63596.86552 63967.35898 64338.224 64709.43699 65080.97676 65452.82422 65824.96213 66197.37486 66570.04824 66942.96937 67316.12649 67689.50885 68063.10662 68436.9108 68810.91312 69185.10599 69559.48242 69934.03598 70308.76073 70683.65122 71058.70239 71433.90958 71809.2685 72184.77516 72560.4259 72936.21732 73312.14629 73688.20993 74064.40557 74440.73075 74817.18322 75193.7609 75570.46189 75947.28443 76324.22694 76701.28797 77078.46619 77455.76041 77833.16957 78210.6927 78588.32894 78966.07754 79343.93785 79721.90929 80099.99139 80478.18374 80856.48603 81234.898 81613.41949 81992.05037 82370.79061 82749.64023 83128.59929 83507.66794 83886.84636 84266.13478 84645.53349 85025.04283 85404.66318 85784.39495 86164.23862 86544.19468 86924.26368 87304.4462 87684.74285 88065.15428 88445.68117 88826.32422 89207.13108 89588.13724 89969.32662 90350.68528 90732.20117 91113.86402 91495.66514 91877.59735 92259.6548 92641.83288 93024.12811 93406.53804 93789.06117 94171.69683 94554.44514 94937.30692 95320.28362 95703.37726 96086.59038 96469.92595 96853.38738 97236.97843 97620.70316 98004.56594 98388.57134
61383.43638 61751.01613 62119.18491 62487.89431 62857.10182 63226.76996 63596.86552 63967.35898 64338.224 64709.43699 65080.97676 65452.82422 65824.96213 66197.37486 66570.04824 66942.96937 67316.12649 67689.50885 68063.10662 68436.9108 68810.91312 69185.10599 69559.48242 69934.03598 70308.76073 70683.65122 71058.70239 71433.90958 71809.2685 72184.77516 72560.4259 72936.21732 73312.14629 73688.20993 74064.40557 74440.73075 74817.18322 75193.7609 75570.46189 75947.28443 76324.22694 76701.28797 77078.46619 77455.76041 77833.16957 78210.6927 78588.32894 78966.07754 79343.93785 79721.90929 80099.99139 80478.18374 80856.48603 81234.898 81613.41949 81992.05037 82370.79061 82749.64023 83128.59929 83507.66794 83886.84636 84266.13478 84645.53349 85025.04283 85404.66318 85784.39495 86164.23862 86544.19468 86924.26368 87304.4462 87684.74285 88065.15428 88445.68117 88826.32422 89207.13108 89588.13724 89969.32662 90350.68528 90732.20117 91113.86402 91495.66514 91877.59735 92259.6548 92641.83288 93024.12811 93406.53804 93789.06117 94171.69683 94554.44514 94937.30692 95320.28362 95703.37726 96086.59038 96469.92595 96853.38738 97236.97843 97620.70316 98004.56594 98388.57134
# Pb(g)
194613.7608 194821.6202 195029.4807 195237.342 195445.204 195653.0664 195860.9292 196068.792 196276.6549 196484.5176 196692.3802 196900.2426 197108.1048 197315.9667 197523.8284 197731.6899 197939.5512 198147.4124 198355.2734 198563.1344 198770.9953 198978.8563 199186.7172 199394.5783 199602.4394 199810.3006 200018.162 200226.0235 200433.8851 200641.7469 200849.6089 201057.471 201265.3333 201473.1959 201681.0586 201888.9216 202096.7849 202304.6485 202512.5126 202720.3771 202928.2423 203136.1082 203343.9749 203551.8428 203759.7119 203967.5826 204175.4551 204383.3298 204591.207 204799.0872 205006.9709 205214.8586 205422.7509 205630.6484 205838.552 206046.4623 206254.3803 206462.3069 206670.2432 206878.1903 207086.1494 207294.1217 207502.1088 207710.1121 207918.1332 208126.1739 208334.236 208542.3214 208750.4323 208958.5708 209166.7392 209374.9402 209583.1761 209791.4499 209999.874 210208.5329 210417.3911 210626.4173 210835.5841 211044.8678 211254.2478 211463.7069 211673.2305 211882.8067 212092.4262 212302.0817 212511.7682 212721.4824 212931.223 213140.9902 213350.7856 213560.6124 213770.4748 213980.3784 214190.3296 214400.336 214610.4058 214820.5482 215030.7731
194613.7608 194821.6202 195029.4807 195237.342 195445.204 195653.0664 195860.9292 196068.792 196276.6549 196484.5176 196692.3802 196900.2426 197108.1048 197315.9667 197523.8284 197731.6899 197939.5512 198147.4124 198355.2734 198563.1344 198770.9953 198978.8563 199186.7172 199394.5783 199602.4394 199810.3006 200018.162 200226.0235 200433.8851 200641.7469 200849.6089 201057.471 201265.3333 201473.1959 201681.0586 201888.9216 202096.7849 202304.6485 202512.5126 202720.3771 202928.2423 203136.1082 203343.9749 203551.8428 203759.7119 203967.5826 204175.4551 204383.3298 204591.207 204799.0872 205006.9709 205214.8586 205422.7509 205630.6484 205838.552 206046.4623 206254.3803 206462.3069 206670.2432 206878.1903 207086.1494 207294.1217 207502.1088 207710.1121 207918.1332 208126.1739 208334.236 208542.3214 208750.4323 208958.5708 209166.7392 209374.9402 209583.1761 209791.4499 209999.874 210208.5329 210417.3911 210626.4173 210835.5841 211044.8678 211254.2478 211463.7069 211673.2305 211882.8067 212092.4262 212302.0817 212511.7682 212721.4824 212931.223 213140.9902 213350.7856 213560.6124 213770.4748 213980.3784 214190.3296 214400.336 214610.4058 214820.5482 215030.7731
194613.7608 194821.6202 195029.4807 195237.342 195445.204 195653.0664 195860.9292 196068.792 196276.6549 196484.5176 196692.3802 196900.2426 197108.1048 197315.9667 197523.8284 197731.6899 197939.5512 198147.4124 198355.2734 198563.1344 198770.9953 198978.8563 199186.7172 199394.5783 199602.4394 199810.3006 200018.162 200226.0235 200433.8851 200641.7469 200849.6089 201057.471 201265.3333 201473.1959 201681.0586 201888.9216 202096.7849 202304.6485 202512.5126 202720.3771 202928.2423 203136.1082 203343.9749 203551.8428 203759.7119 203967.5826 204175.4551 204383.3298 204591.207 204799.0872 205006.9709 205214.8586 205422.7509 205630.6484 205838.552 206046.4623 206254.3803 206462.3069 206670.2432 206878.1903 207086.1494 207294.1217 207502.1088 207710.1121 207918.1332 208126.1739 208334.236 208542.3214 208750.4323 208958.5708 209166.7392 209374.9402 209583.1761 209791.4499 209999.874 210208.5329 210417.3911 210626.4173 210835.5841 211044.8678 211254.2478 211463.7069 211673.2305 211882.8067 212092.4262 212302.0817 212511.7682 212721.4824 212931.223 213140.9902 213350.7856 213560.6124 213770.4748 213980.3784 214190.3296 214400.336 214610.4058 214820.5482 215030.7731
# PbI(g)
107859.2003 108229.9283 108601.0184 108972.4406 109344.1689 109716.1802 110088.4543 110460.9731 110833.7205 111206.6824 111579.8459 111953.1996 112326.7331 112700.4371 113074.3032 113448.3237 113822.4919 114196.8012 114571.2461 114945.8211 115320.5217 115695.3433 116070.2819 116445.3338 116820.4956 117195.7641 117571.1365 117946.61 118322.1822 118697.8509 119073.6137 119449.4689 119825.4145 120201.4489 120577.5706 120953.7779 121330.0697 121706.4446 122082.9014 122459.4392 122836.0569 123212.7535 123589.5282 123966.3803 124343.309 124720.3137 125097.3937 125474.5485 125851.7776 126229.0806 126606.4571 126983.9067 127361.4292 127739.0243 128116.6917 128494.4315 128872.2434 129250.1273 129628.0833 130006.1113 130384.2115 130762.3839 131140.6287 131518.946 131897.3362 132275.7994 132654.336 133032.9464 133411.631 133790.3901 134169.2245 134548.1344 134927.1207 135306.1838 135685.3916 136064.7968 136444.3812 136824.1281 137204.0224 137584.0507 137964.2008 138344.4622 138724.8255 139105.2823 139485.8254 139866.4487 140247.1468 140627.9153 141008.7506 141389.6497 141770.6102 142151.6306 142532.7097 142913.8469 143295.0421 143676.2956 144057.608 144438.9805 144820.4144
107859.2003 108229.9283 108601.0184 108972.4406 109344.1689 109716.1802 110088.4543 110460.9731 110833.7205 111206.6824 111579.8459 111953.1996 112326.7331 112700.4371 113074.3032 113448.3237 113822.4919 114196.8012 114571.2461 114945.8211 115320.5217 115695.3433 116070.2819 116445.3338 116820.4956 117195.7641 117571.1365 117946.61 118322.1822 118697.8509 119073.6137 119449.4689 119825.4145 120201.4489 120577.5706 120953.7779 121330.0697 121706.4446 122082.9014 122459.4392 122836.0569 123212.7535 123589.5282 123966.3803 124343.309 124720.3137 125097.3937 125474.5485 125851.7776 126229.0806 126606.4571 126983.9067 127361.4292 127739.0243 128116.6917 128494.4315 128872.2434 129250.1273 129628.0833 130006.1113 130384.2115 130762.3839 131140.6287 131518.946 131897.3362 132275.7994 132654.336 133032.9464 133411.631 133790.3901 134169.2245 134548.1344 134927.1207 135306.1838 135685.3916 136064.7968 136444.3812 136824.1281 137204.0224 137584.0507 137964.2008 138344.4622 138724.8255 139105.2823 139485.8254 139866.4487 140247.1468 140627.9153 141008.7506 141389.6497 141770.6102 142151.6306 142532.7097 142913.8469 143295.0421 143676.2956 144057.608 144438.9805 144820.4144
107859.2003 108229.9283 108601.0184 108972.4406 109344.1689 109716.1802 110088.4543 110460.9731 110833.7205 111206.6824 111579.8459 111953.1996 112326.7331 112700.4371 113074.3032 113448.3237 113822.4919 114196.8012 114571.2461 114945.8211 115320.5217 115695.3433 116070.2819 116445.3338 116820.4956 117195.7641 117571.1365 117946.61 118322.1822 118697.8509 119073.6137 119449.4689 119825.4145 120201.4489 120577.5706 120953.7779 121330.0697 121706.4446 122082.9014 122459.4392 122836.0569 123212.7535 123589.5282 123966.3803 124343.309 124720.3137 125097.3937 125474.5485 125851.7776 126229.0806 126606.4571 126983.9067 127361.4292 127739.0243 128116.6917 128494.4315 128872.2434 129250.1273 129628.0833 130006.1113 130384.2115 130762.3839 131140.6287 131518.946 131897.3362 132275.7994 132654.336 133032.9464 133411.631 133790.3901 134169.2245 134548.1344 134927.1207 135306.1838 135685.3916 136064.7968 136444.3812 136824.1281 137204.0224 137584.0507 137964.2008 138344.4622 138724.8255 139105.2823 139485.8254 139866.4487 140247.1468 140627.9153 141008.7506 141389.6497 141770.6102 142151.6306 142532.7097 142913.8469 143295.0421 143676.2956 144057.608 144438.9805 144820.4144
# PbI2(g)
-11859.37774 -11289.27415 -10718.38106 -10146.77337 -9574.516896 -9001.669708 -8428.283237 -7854.403187 -7280.07031 -6705.321055 -6130.188112 -5554.700884 -4978.88588 -4402.767064 -3826.36614 -3249.702819 -2672.795028 -2095.659111 -1518.309997 -940.7613427 -363.0256663 214.8855385 792.961702 1371.193088 1949.570716 2528.086288 3106.732125 3685.501114 4264.386652 4843.382606 5422.483268 6001.683321 6580.977804 7160.362081 7739.831818 8319.382956 8899.011689 9478.714441 10058.48786 10638.32877 11218.23421 11798.20136 12378.22757 12958.31034 13538.4473 14118.6362 14698.87491 15279.16142 15859.4938 16439.87024 17020.28902 17600.74848 18181.24706 18761.78326 19342.35568 19922.96296 20503.60382 21084.27703 21664.98143 22245.71592 22826.47943 23407.27097 23988.08959 24568.9344 25149.80455 25730.69922 26311.61768 26892.55921 27473.52314 28054.50887 28635.51582 29216.54346 29797.5913 30378.65892 30959.74542 31540.85008 32121.9723 32703.11157 33284.26741 33865.43934 34446.62693 35027.82974 35609.04734 36190.27935 36771.52537 37352.78503 37934.05796 38515.34383 39096.64229 39677.95302 40259.27572 40840.61006 41421.95577 42003.31256 42584.68015 43166.05829 43747.44671 44328.84517 44910.25343
-11859.37774 -11289.27415 -10718.38106 -10146.77337 -9574.516896 -9001.669708 -8428.283237 -7854.403187 -7280.07031 -6705.321055 -6130.188112 -5554.700884 -4978.88588 -4402.767064 -3826.36614 -3249.702819 -2672.795028 -2095.659111 -1518.309997 -940.7613427 -363.0256663 214.8855385 792.961702 1371.193088 1949.570716 2528.086288 3106.732125 3685.501114 4264.386652 4843.382606 5422.483268 6001.683321 6580.977804 7160.362081 7739.831818 8319.382956 8899.011689 9478.714441 10058.48786 10638.32877 11218.23421 11798.20136 12378.22757 12958.31034 13538.4473 14118.6362 14698.87491 15279.16142 15859.4938 16439.87024 17020.28902 17600.74848 18181.24706 18761.78326 19342.35568 19922.96296 20503.60382 21084.27703 21664.98143 22245.71592 22826.47943 23407.27097 23988.08959 24568.9344 25149.80455 25730.69922 26311.61768 26892.55921 27473.52314 28054.50887 28635.51582 29216.54346 29797.5913 30378.65892 30959.74542 31540.85008 32121.9723 32703.11157 33284.26741 33865.43934 34446.62693 35027.82974 35609.04734 36190.27935 36771.52537 37352.78503 37934.05796 38515.34383 39096.64229 39677.95302 40259.27572 40840.61006 41421.95577 42003.31256 42584.68015 43166.05829 43747.44671 44328.84517 44910.25343
-11859.37774 -11289.27415 -10718.38106 -10146.77337 -9574.516896 -9001.669708 -8428.283237 -7854.403187 -7280.07031 -6705.321055 -6130.188112 -5554.700884 -4978.88588 -4402.767064 -3826.36614 -3249.702819 -2672.795028 -2095.659111 -1518.309997 -940.7613427 -363.0256663 214.8855385 792.961702 1371.193088 1949.570716 2528.086288 3106.732125 3685.501114 4264.386652 4843.382606 5422.483268 6001.683321 6580.977804 7160.362081 7739.831818 8319.382956 8899.011689 9478.714441 10058.48786 10638.32877 11218.23421 11798.20136 12378.22757 12958.31034 13538.4473 14118.6362 14698.87491 15279.16142 15859.4938 16439.87024 17020.28902 17600.74848 18181.24706 18761.78326 19342.35568 19922.96296 20503.60382 21084.27703 21664.98143 22245.71592 22826.47943 23407.27097 23988.08959 24568.9344 25149.80455 25730.69922 26311.61768 26892.55921 27473.52314 28054.50887 28635.51582 29216.54346 29797.5913 30378.65892 30959.74542 31540.85008 32121.9723 32703.11157 33284.26741 33865.43934 34446.62693 35027.82974 35609.04734 36190.27935 36771.52537 37352.78503 37934.05796 38515.34383 39096.64229 39677.95302 40259.27572 40840.61006 41421.95577 42003.31256 42584.68015 43166.05829 43747.44671 44328.84517 44910.25343
# PbI2(cr)
-178176.4684 -177405.2453 -176632.0585 -175856.9857 -175081.0216 -174304.464 -173527.0877 -172748.6944 -171969.1082 -171188.1729 -170405.7491 -169621.712 -168835.9498 -168048.3618 -167258.8571 -166467.3533 -165673.776 -164878.0573 -164080.1354 -163279.954 -162477.4614 -161672.6103 -160865.3573 -160055.6624 -159243.4887 -158428.8024 -157611.5718 -156791.768 -155969.364 -155144.3346 -154316.6565 -153486.3082 -152653.2693 -151817.521 -150979.0456 -150137.8267 -149293.8487 -148447.0972 -147597.5587 -146745.2202 -145890.0699 -145032.0964 -144171.289 -143307.6378 -142441.1333 -141571.7664 -140699.5288 -139824.4124 -138946.4098 -138065.5136 -137181.7171 -136295.0139 -135405.3977 -134512.8629 -133617.4039 -132719.0153 -131817.6923 -130913.43 -130006.2238 -129096.0695 -128182.9629 -127266.9001 -126347.8773 -125425.8908 -124500.9373 -123573.0135 -122642.1161 -121708.2422 -120771.3889 -119831.5535 -118888.7332 -117942.9254 -116994.1279 -116042.3382 -115087.554 -114129.7733 -113168.9938 -112205.2137 -111238.431 -110268.6438 -109295.8503 -108320.0489 -107341.2379 -106359.4156 -105374.5806 -104386.7314 -103395.8665 -102401.9846 -101405.0843 -100405.1643 -99402.22343 -98396.26045 -97387.27422 -96375.2636 -95360.22753 -94342.16494 -93321.07482 -92296.9562 -91269.80812
-178174.9716 -177403.7485 -176630.5617 -175855.4889 -175079.5248 -174302.9672 -173525.5909 -172747.1976 -171967.6114 -171186.6761 -170404.2523 -169620.2152 -168834.453 -168046.865 -167257.3603 -166465.8565 -165672.2792 -164876.5605 -164078.6386 -163278.4572 -162475.9646 -161671.1135 -160863.8605 -160054.1656 -159241.9919 -158427.3056 -157610.075 -156790.2712 -155967.8672 -155142.8378 -154315.1597 -153484.8114 -152651.7725 -151816.0242 -150977.5488 -150136.3299 -149292.3519 -148445.6004 -147596.0619 -146743.7234 -145888.5731 -145030.5996 -144169.7922 -143306.141 -142439.6365 -141570.2696 -140698.032 -139822.9156 -138944.913 -138064.0168 -137180.2203 -136293.5171 -135403.9009 -134511.3661 -133615.9071 -132717.5185 -131816.1955 -130911.9332 -130004.727 -129094.5727 -128181.4661 -127265.4033 -126346.3805 -125424.394 -124499.4405 -123571.5167 -122640.6193 -121706.7454 -120769.8921 -119830.0567 -118887.2364 -117941.4286 -116992.6311 -116040.8414 -115086.0572 -114128.2765 -113167.497 -112203.7169 -111236.9342 -110267.147 -109294.3535 -108318.5521 -107339.7411 -106357.9188 -105373.0838 -104385.2346 -103394.3697 -102400.4878 -101403.5875 -100403.6675 -99400.72663 -98394.76365 -97385.77742 -96373.7668 -95358.73073 -94340.66814 -93319.57802 -92295.4594 -91268.31132
-178173.4748 -177402.2517 -176629.0649 -175853.9921 -175078.028 -174301.4704 -173524.0941 -172745.7008 -171966.1146 -171185.1793 -170402.7555 -169618.7184 -168832.9562 -168045.3682 -167255.8635 -166464.3597 -165670.7824 -164875.0637 -164077.1418 -163276.9604 -162474.4678 -161669.6167 -160862.3637 -160052.6688 -159240.4951 -158425.8088 -157608.5782 -156788.7744 -155966.3704 -155141.341 -154313.6629 -153483.3146 -152650.2757 -151814.5274 -150976.052 -150134.8331 -149290.8551 -148444.1036 -147594.5651 -146742.2266 -145887.0763 -145029.1028 -144168.2954 -143304.6442 -142438.1397 -141568.7728 -140696.5352 -139821.4188 -138943.4162 -138062.52 -137178.7235 -136292.0203 -135402.4041 -134509.8693 -133614.4103 -132716.0217 -131814.6987 -130910.4364 -130003.2302 -129093.0759 -128179.9693 -127263.9065 -126344.8837 -125422.8972 -124497.9437 -123570.0199 -122639.1225 -121705.2486 -120768.3953 -119828.5599 -118885.7396 -117939.9318 -116991.1343 -116039.3446 -115084.5604 -114126.7797 -113166.0002 -112202.2201 -111235.4374 -110265.6502 -109292.8567 -108317.0553 -107338.2443 -106356.422 -105371.587 -104383.7378 -103392.8729 -102398.991 -101402.0907 -100402.1707 -99399.22983 -98393.26685 -97384.28062 -96372.27 -95357.23393 -94339.17134 -93318.08122 -92293.9626 -91266.81452
# PbI2(l)
-166391.029 -165301.0352 -164211.0414 -163121.0476 -162031.0538 -160941.0601 -159851.0663 -158761.0725 -157671.0787 -156581.0849 -155491.0911 -154401.0973 -153311.1035 -152221.1098 -151131.116 -150041.1222 -148951.1284 -147861.1346 -146771.1408 -145681.147 -144591.1532 -143501.1594 -142411.1657 -141321.1719 -140231.1781 -139141.1843 -138051.1905 -136961.1967 -135871.2029 -134781.2091 -133691.2154 -132601.2216 -131511.2278 -130421.234 -129331.2402 -128241.2464 -127151.2526 -126061.2588 -124971.265 -123881.2713 -122791.2775 -121701.2837 -120611.2899 -119521.2961 -118431.3023 -117341.3085 -116251.3147 -115161.321 -114071.3272 -112981.3334 -111891.3396 -110801.3458 -109711.352 -108621.3582 -107531.3644 -106441.3706 -105351.3769 -104261.3831 -103171.3893 -102081.3955 -100991.4017 -99901.40792 -98811.41413 -97721.42034 -96631.42655 -95541.43276 -94451.43898 -93361.44519 -92271.4514 -91181.45761 -90091.46382 -89001.47003 -87911.47625 -86821.48246 -85731.48867 -84641.49488 -83551.50109 -82461.5073 -81371.51352 -80281.51973 -79191.52594 -78101.53215 -77011.53836 -75921.54457 -74831.55079 -73741.557 -72651.56321 -71561.56942 -70471.57563 -69381.58185 -68291.58806 -67201.59427 -66111.60048 -65021.60669 -63931.6129 -62841.61912 -61751.62533 -60661.63154 -59571.63775
-166389.5322 -165299.5384 -164209.5446 -163119.5508 -162029.557 -160939.5633 -159849.5695 -158759.5757 -157669.5819 -156579.5881 -155489.5943 -154399.6005 -153309.6067 -152219.613 -151129.6192 -150039.6254 -148949.6316 -147859.6378 -146769.644 -145679.6502 -144589.6564 -143499.6626 -142409.6689 -141319.6751 -140229.6813 -139139.6875 -138049.6937 -136959.6999 -135869.7061 -134779.7123 -133689.7186 -132599.7248 -131509.731 -130419.7372 -129329.7434 -128239.7496 -127149.7558 -126059.762 -124969.7682 -123879.7745 -122789.7807 -121699.7869 -120609.7931 -119519.7993 -118429.8055 -117339.8117 -116249.8179 -115159.8242 -114069.8304 -112979.8366 -111889.8428 -110799.849 -109709.8552 -108619.8614 -107529.8676 -106439.8738 -105349.8801 -104259.8863 -103169.8925 -102079.8987 -100989.9049 -99899.91112 -98809.91733 -97719.92354 -96629.92975 -95539.93596 -94449.94218 -93359.94839 -92269.9546 -91179.96081 -90089.96702 -88999.97323 -87909.97945 -86819.98566 -85729.99187 -84639.99808 -83550.00429 -82460.0105 -81370.01672 -80280.02293 -79190.02914 -78100.03535 -77010.04156 -75920.04777 -74830.05399 -73740.0602 -72650.06641 -71560.07262 -70470.07883 -69380.08505 -68290.09126 -67200.09747 -66110.10368 -65020.10989 -63930.1161 -62840.12232 -61750.12853 -60660.13474 -59570.14095
-166388.0354 -165298.0416 -164208.0478 -163118.054 -162028.0602 -160938.0665 -159848.0727 -158758.0789 -157668.0851 -156578.0913 -155488.0975 -154398.1037 -153308.1099 -152218.1162 -151128.1224 -150038.1286 -148948.1348 -147858.141 -146768.1472 -145678.1534 -144588.1596 -143498.1658 -142408.1721 -141318.1783 -140228.1845 -139138.1907 -138048.1969 -136958.2031 -135868.2093 -134778.2155 -133688.2218 -132598.228 -131508.2342 -130418.2404 -129328.2466 -128238.2528 -127148.259 -126058.2652 -124968.2714 -123878.2777 -122788.2839 -121698.2901 -120608.2963 -119518.3025 -118428.3087 -117338.3149 -116248.3211 -115158.3274 -114068.3336 -112978.3398 -111888.346 -110798.3522 -109708.3584 -108618.3646 -107528.3708 -106438.377 -105348.3833 -104258.3895 -103168.3957 -102078.4019 -100988.4081 -99898.41432 -98808.42053 -97718.42674 -96628.43295 -95538.43916 -94448.44538 -93358.45159 -92268.4578 -91178.46401 -90088.47022 -88998.47643 -87908.48265 -86818.48886 -85728.49507 -84638.50128 -83548.50749 -82458.5137 -81368.51992 -80278.52613 -79188.53234 -78098.53855 -77008.54476 -75918.55097 -74828.55719 -73738.5634 -72648.56961 -71558.57582 -70468.58203 -69378.58825 -68288.59446 -67198.60067 -66108.60688 -65018.61309 -63928.6193 -62838.62552 -61748.63173 -60658.63794 -59568.64415
# Pb(cr)
-746.7509308 -482.4292305 -217.2247195 48.95463683 316.1848835 584.5236172 854.0098677 1124.665444 1396.49714 1669.499374 1943.656977 2218.94794 2495.345978 2772.822842 3051.350319 3330.901897 3611.45409 3892.987401 4175.486968 4458.942862 4743.350087 5028.708279 5315.021128 5602.295541 5890.540564 6179.766075 6469.981267 6761.192944 7053.40363 7346.60951 7640.798224 7935.946515 8232.017743 8528.959279 8826.699787 9125.146403 9424.181811 9723.661236 10023.40936 10323.21713 10622.83854 10921.98734 11220.33363 11517.50045 11813.06032 12106.5317 12397.37541 12684.99106 12968.71332 13247.8083 13521.46979 13788.81551 14048.88332 14300.62742 14542.91446 14774.51975 14994.12329 15200.30593 15391.54539 15566.21232 15722.56634 15858.75206 15972.79507 16062.5979 16125.93606 16160.45392 16163.6607 16132.92639 16065.47769 15958.39388 15808.60278 15612.87659 15367.82782 15069.90512 14715.38918 14300.38862 13820.83575 13272.48253 12650.89632 11951.45578 11169.34667 10299.55767 9336.876202 8275.884277 7110.954263 5836.24471 4445.69615 2933.026898 1291.72884 -484.9367724 -2403.943535 -4472.504109 -6698.074435 -9088.357962 -11651.30987 -14395.14128 -17328.32353 -20459.59234 -23797.95212
-746.3855308 -482.0638305 -216.8593195 49.32003683 316.5502835 584.8890172 854.3752677 1125.030844 1396.86254 1669.864774 1944.022377 2219.31334 2495.711378 2773.188242 3051.715719 3331.267297 3611.81949 3893.352801 4175.852368 4459.308262 4743.715487 5029.073679 5315.386528 5602.660941 5890.905964 6180.131475 6470.346667 6761.558344 7053.76903 7346.97491 7641.163624 7936.311915 8232.383143 8529.324679 8827.065187 9125.511803 9424.547211 9724.026636 10023.77476 10323.58253 10623.20394 10922.35274 11220.69903 11517.86585 11813.42572 12106.8971 12397.74081 12685.35646 12969.07872 13248.1737 13521.83519 13789.18091 14049.24872 14300.99282 14543.27986 14774.88515 14994.48869 15200.67133 15391.91079 15566.57772 15722.93174 15859.11746 15973.16047 16062.9633 16126.30146 16160.81932 16164.0261 16133.29179 16065.84309 15958.75928 15808.96818 15613.24199 15368.19322 15070.27052 14715.75458 14300.75402 13821.20115 13272.84793 12651.26172 11951.82118 11169.71207 10299.92307 9337.241602 8276.249677 7111.319663 5836.61011 4446.06155 2933.392298 1292.09424 -484.5713724 -2403.578135 -4472.138709 -6697.709035 -9087.992562 -11650.94447 -14394.77588 -17327.95813 -20459.22694 -23797.58672
-746.0201308 -481.6984305 -216.4939195 49.68543683 316.9156835 585.2544172 854.7406677 1125.396244 1397.22794 1670.230174 1944.387777 2219.67874 2496.076778 2773.553642 3052.081119 3331.632697 3612.18489 3893.718201 4176.217768 4459.673662 4744.080887 5029.439079 5315.751928 5603.026341 5891.271364 6180.496875 6470.712067 6761.923744 7054.13443 7347.34031 7641.529024 7936.677315 8232.748543 8529.690079 8827.430587 9125.877203 9424.912611 9724.392036 10024.14016 10323.94793 10623.56934 10922.71814 11221.06443 11518.23125 11813.79112 12107.2625 12398.10621 12685.72186 12969.44412 13248.5391 13522.20059 13789.54631 14049.61412 14301.35822 14543.64526 14775.25055 14994.85409 15201.03673 15392.27619 15566.94312 15723.29714 15859.48286 15973.52587 16063.3287 16126.66686 16161.18472 16164.3915 16133.65719 16066.20849 15959.12468 15809.33358 15613.60739 15368.55862 15070.63592 14716.11998 14301.11942 13821.56655 13273.21333 12651.62712 11952.18658 11170.07747 10300.28847 9337.607002 8276.615077 7111.685063 5836.97551 4446.42695 2933.757698 1292.45964 -484.2059724 -2403.212735 -4471.773309 -6697.343635 -9087.627162 -11650.57907 -14394.41048 -17327.59273 -20458.86154 -23797.22132
# Pb(l)
3229.057511 3524.903641 3822.822714 4122.53413 4423.794431 4726.391499 5030.139801 5334.876477 5640.458097 5946.757958 6253.66382 6561.075999 6868.905759 7177.073931 7485.509751 7794.149855 8102.93741 8411.821376 8720.755857 9029.699535 9338.615186 9647.469249 9956.231447 10264.87446 10573.37363 10881.7067 11189.85359 11497.79619 11805.51819 12113.00489 12420.24309 12727.22092 13033.92777 13340.35414 13646.49158 13952.33258 14257.87051 14563.09954 14868.01458 15172.6112 15476.88564 15780.83469 16084.45567 16387.74642 16690.70522 16993.33079 17295.62223 17597.57901 17899.20094 18200.48816 18501.44108 18802.06039 19102.34706 19402.30226 19701.9274 20001.22409 20300.19412 20598.8395 20897.16235 21195.16498 21492.84985 21790.21953 22087.27673 22384.02428 22680.46512 22976.60227 23272.43889 23567.97818 23863.22346 24158.17811 24452.84558 24747.22939 25041.33314 25335.16045 25628.71503 25922.00062 26215.02101 26507.78004 26800.28158 27092.52953 27384.52784 27676.28049 27967.79148 28259.06482 28550.10458 28840.91481 29131.49962 29421.86311 29712.0094 30001.94262 30291.66692 30581.18646 30870.50541 31159.62792 31448.55819 31737.3004 32025.85872 32314.23735 32602.44048
3229.422911 3525.269041 3823.188114 4122.89953 4424.159831 4726.756899 5030.505201 5335.241877 5640.823497 5947.123358 6254.02922 6561.441399 6869.271159 7177.439331 7485.875151 7794.515255 8103.30281 8412.186776 8721.121257 9030.064935 9338.980586 9647.834649 9956.596847 10265.23986 10573.73903 10882.0721 11190.21899 11498.16159 11805.88359 12113.37029 12420.60849 12727.58632 13034.29317 13340.71954 13646.85698 13952.69798 14258.23591 14563.46494 14868.37998 15172.9766 15477.25104 15781.20009 16084.82107 16388.11182 16691.07062 16993.69619 17295.98763 17597.94441 17899.56634 18200.85356 18501.80648 18802.42579 19102.71246 19402.66766 19702.2928 20001.58949 20300.55952 20599.2049 20897.52775 21195.53038 21493.21525 21790.58493 22087.64213 22384.38968 22680.83052 22976.96767 23272.80429 23568.34358 23863.58886 24158.54351 24453.21098 24747.59479 25041.69854 25335.52585 25629.08043 25922.36602 26215.38641 26508.14544 26800.64698 27092.89493 27384.89324 27676.64589 27968.15688 28259.43022 28550.46998 28841.28021 29131.86502 29422.22851 29712.3748 30002.30802 30292.03232 30581.55186 30870.87081 31159.99332 31448.92359 31737.6658 32026.22412 32314.60275 32602.80588
3229.788311 3525.634441 3823.553514 4123.26493 4424.525231 4727.122299 5030.870601 5335.607277 5641.188897 5947.488758 6254.39462 6561.806799 6869.636559 7177.804731 7486.240551 7794.880655 8103.66821 8412.552176 8721.486657 9030.430335 9339.345986 9648.200049 9956.962247 10265.60526 10574.10443 10882.4375 11190.58439 11498.52699 11806.24899 12113.73569 12420.97389 12727.95172 13034.65857 13341.08494 13647.22238 13953.06338 14258.60131 14563.83034 14868.74538 15173.342 15477.61644 15781.56549 16085.18647 16388.47722 16691.43602 16994.06159 17296.35303 17598.30981 17899.93174 18201.21896 18502.17188 18802.79119 19103.07786 19403.03306 19702.6582 20001.95489 20300.92492 20599.5703 20897.89315 21195.89578 21493.58065 21790.95033 22088.00753 22384.75508 22681.19592 22977.33307 23273.16969 23568.70898 23863.95426 24158.90891 24453.57638 24747.96019 25042.06394 25335.89125 25629.44583 25922.73142 26215.75181 26508.51084 26801.01238 27093.26033 27385.25864 27677.01129 27968.52228 28259.79562 28550.83538 28841.64561 29132.23042 29422.59391 29712.7402 30002.67342 30292.39772 30581.91726 30871.23621 31160.35872 31449.28899 31738.0312 32026.58952 32314.96815 32603.17128
<S0>
# He(g)
124.091516 124.8474596 125.5768732 126.2815562 126.9631306 127.623064 128.2626885 128.8832169 129.4857563 130.0713206 130.64084 131.1951703 131.7351009 132.2613608 132.7746253 133.2755208 133.7646294 134.2424931 134.7096174 135.1664744 135.6135057 136.0511252 136.4797209 136.8996576 137.3112781 137.7149054 138.1108442 138.4993818 138.8807899 139.2553254 139.6232315 139.984739 140.3400666 140.689422 141.0330026 141.3709964 141.703582 142.0309298 142.3532022 142.6705543 142.983134 143.2910827 143.5945356 143.8936221 144.1884662 144.4791864 144.7658966 145.0487058 145.3277188 145.6030361 145.8747545 146.1429667 146.407762 146.6692266 146.927443 147.1824911 147.4344476 147.6833866 147.9293795 148.1724952 148.4128002 148.6503589 148.8852332 149.1174832 149.3471668 149.5743402 149.7990576 150.0213715 150.2413329 150.458991 150.6743935 150.8875867 151.0986155 151.3075234 151.5143525 151.7191439 151.9219373 152.1227713 152.3216834 152.51871 152.7138866 152.9072476 153.0988265 153.2886557 153.476767 153.6631912 153.8479582 154.0310973 154.212637 154.3926048 154.5710279 154.7479324 154.923344 155.0972878 155.269788 155.4408684 155.6105523 155.7788622 155.9458202
124.091516 124.8474596 125.5768732 126.2815562 126.9631306 127.623064 128.2626885 128.8832169 129.4857563 130.0713206 130.64084 131.1951703 131.7351009 132.2613608 132.7746253 133.2755208 133.7646294 134.2424931 134.7096174 135.1664744 135.6135057 136.0511252 136.4797209 136.8996576 137.3112781 137.7149054 138.1108442 138.4993818 138.8807899 139.2553254 139.6232315 139.984739 140.3400666 140.689422 141.0330026 141.3709964 141.703582 142.0309298 142.3532022 142.6705543 142.983134 143.2910827 143.5945356 143.8936221 144.1884662 144.4791864 144.7658966 145.0487058 145.3277188 145.6030361 145.8747545 146.1429667 146.407762 146.6692266 146.927443 147.1824911 147.4344476 147.6833866 147.9293795 148.1724952 148.4128002 148.6503589 148.8852332 149.1174832 149.3471668 149.5743402 149.7990576 150.0213715 150.2413329 150.458991 150.6743935 150.8875867 151.0986155 151.3075234 151.5143525 151.7191439 151.9219373 152.1227713 152.3216834 152.51871 152.7138866 152.9072476 153.0988265 153.2886557 153.476767 153.6631912 153.8479582 154.0310973 154.212637 154.3926048 154.5710279 154.7479324 154.923344 155.0972878 155.269788 155.4408684 155.6105523 155.7788622 155.9458202
124.091516 124.8474596 125.5768732 126.2815562 126.9631306 127.623064 128.2626885 128.8832169 129.4857563 130.0713206 130.64084 131.1951703 131.7351009 132.2613608 132.7746253 133.2755208 133.7646294 134.2424931 134.7096174 135.1664744 135.6135057 136.0511252 136.4797209 136.8996576 137.3112781 137.7149054 138.1108442 138.4993818 138.8807899 139.2553254 139.6232315 139.984739 140.3400666 140.689422 141.0330026 141.3709964 141.703582 142.0309298 142.3532022 142.6705543 142.983134 143.2910827 143.5945356 143.8936221 144.1884662 144.4791864 144.7658966 145.0487058 145.3277188 145.6030361 145.8747545 146.1429667 146.407762 146.6692266 146.927443 147.1824911 147.4344476 147.6833866 147.9293795 148.1724952 148.4128002 148.6503589 148.8852332 149.1174832 149.3471668 149.5743402 149.7990576 150.0213715 150.2413329 150.458991 150.6743935 150.8875867 151.0986155 151.3075234 151.5143525 151.7191439 151.9219373 152.1227713 152.3216834 152.51871 152.7138866 152.9072476 153.0988265 153.2886557 153.476767 153.6631912 153.8479582 154.0310973 154.212637 154.3926048 154.5710279 154.7479324 154.923344 155.0972878 155.269788 155.4408684 155.6105523 155.7788622 155.9458202
# I(g)
178.7260948 179.4820374 180.2114506 180.9161335 181.5977081 182.2576418 182.8972667 183.5177955 184.1203354 184.7059 185.2754196 185.8297502 186.3696809 186.8959409 187.4092054 187.9101008 188.3992093 188.877073 189.3441971 189.801054 190.2480852 190.6857046 191.1143002 191.5342368 191.9458572 192.3494846 192.7454234 193.133961 193.5153692 193.8899048 194.2578111 194.6193188 194.9746467 195.3240024 195.6675834 196.0055776 196.3381638 196.6655123 196.9877856 197.3051386 197.6177195 197.9256697 198.2291244 198.5282131 198.8230597 199.113783 199.4004967 199.6833102 199.9623282 200.2376514 200.5093766 200.7775967 201.0424012 201.3038762 201.5621046 201.8171663 202.0691383 202.3180947 202.5641074 202.8072452 203.0475751 203.2851614 203.5200665 203.7523506 203.982072 204.2092871 204.4340505 204.6564149 204.8764316 205.0941501 205.3096187 205.5228838 205.7339907 205.9429834 206.1499157 206.3548375 206.5577854 206.7587951 206.9579017 207.1551395 207.3505421 207.5441427 207.7359733 207.9260655 208.1144504 208.3011581 208.4862182 208.6696597 208.8515109 209.0317995 209.2105525 209.3877966 209.5635576 209.7378608 209.9107311 210.0821927 210.2522693 210.420984 210.5883596
178.7260948 179.4820374 180.2114506 180.9161335 181.5977081 182.2576418 182.8972667 183.5177955 184.1203354 184.7059 185.2754196 185.8297502 186.3696809 186.8959409 187.4092054 187.9101008 188.3992093 188.877073 189.3441971 189.801054 190.2480852 190.6857046 191.1143002 191.5342368 191.9458572 192.3494846 192.7454234 193.133961 193.5153692 193.8899048 194.2578111 194.6193188 194.9746467 195.3240024 195.6675834 196.0055776 196.3381638 196.6655123 196.9877856 197.3051386 197.6177195 197.9256697 198.2291244 198.5282131 198.8230597 199.113783 199.4004967 199.6833102 199.9623282 200.2376514 200.5093766 200.7775967 201.0424012 201.3038762 201.5621046 201.8171663 202.0691383 202.3180947 202.5641074 202.8072452 203.0475751 203.2851614 203.5200665 203.7523506 203.982072 204.2092871 204.4340505 204.6564149 204.8764316 205.0941501 205.3096187 205.5228838 205.7339907 205.9429834 206.1499157 206.3548375 206.5577854 206.7587951 206.9579017 207.1551395 207.3505421 207.5441427 207.7359733 207.9260655 208.1144504 208.3011581 208.4862182 208.6696597 208.8515109 209.0317995 209.2105525 209.3877966 209.5635576 209.7378608 209.9107311 210.0821927 210.2522693 210.420984 210.5883596
178.7260948 179.4820374 180.2114506 180.9161335 181.5977081 182.2576418 182.8972667 183.5177955 184.1203354 184.7059 185.2754196 185.8297502 186.3696809 186.8959409 187.4092054 187.9101008 188.3992093 188.877073 189.3441971 189.801054 190.2480852 190.6857046 191.1143002 191.5342368 191.9458572 192.3494846 192.7454234 193.133961 193.5153692 193.8899048 194.2578111 194.6193188 194.9746467 195.3240024 195.6675834 196.0055776 196.3381638 196.6655123 196.9877856 197.3051386 197.6177195 197.9256697 198.2291244 198.5282131 198.8230597 199.113783 199.4004967 199.6833102 199.9623282 200.2376514 200.5093766 200.7775967 201.0424012 201.3038762 201.5621046 201.8171663 202.0691383 202.3180947 202.5641074 202.8072452 203.0475751 203.2851614 203.5200665 203.7523506 203.982072 204.2092871 204.4340505 204.6564149 204.8764316 205.0941501 205.3096187 205.5228838 205.7339907 205.9429834 206.1499157 206.3548375 206.5577854 206.7587951 206.9579017 207.1551395 207.3505421 207.5441427 207.7359733 207.9260655 208.1144504 208.3011581 208.4862182 208.6696597 208.8515109 209.0317995 209.2105525 209.3877966 209.5635576 209.7378608 209.9107311 210.0821927 210.2522693 210.420984 210.5883596
# I2(g)
257.0351358 258.37193 259.663877 260.9138541 262.1244747 263.2981192 264.4369614 265.5429913 266.6180351 267.6637724 268.6817513 269.6734015 270.6400463 271.5829123 272.5031389 273.4017864 274.2798425 275.1382296 275.9778096 276.7993895 277.6037259 278.3915287 279.1634656 279.9201646 280.6622175 281.3901826 282.1045869 282.8059287 283.4946796 284.1712861 284.8361716 285.489738 286.132367 286.7644213 287.3862461 287.9981702 288.6005067 289.1935544 289.7775984 290.3529109 290.9197522 291.4783712 292.0290059 292.5718844 293.1072253 293.6352381 294.1561238 294.6700752 295.1772777 295.6779093 296.1721412 296.6601379 297.142058 297.618054 298.088273 298.5528564 299.011941 299.4656584 299.9141358 300.3574959 300.7958572 301.2293342 301.6580378 302.0820749 302.501549 302.9165605 303.3272061 303.73358 304.1357731 304.5338735 304.9279667 305.3181356 305.7044606 306.0870195 306.4659347 306.8413131 307.213208 307.5816732 307.9467628 308.3085312 308.6670324 309.0223207 309.3744498 309.7234732 310.069444 310.4124148 310.7524375 311.0895635 311.4238436 311.7553276 312.0840649 312.410104 312.7334924 313.0542771 313.3725041 313.6882186 314.001465 314.3122867 314.6207263
257.0351358 258.37193 259.663877 260.9138541 262.1244747 263.2981192 264.4369614 265.5429913 266.6180351 267.6637724 268.6817513 269.6734015 270.6400463 271.5829123 272.5031389 273.4017864 274.2798425 275.1382296 275.9778096 276.7993895 277.6037259 278.3915287 279.1634656 279.9201646 280.6622175 281.3901826 282.1045869 282.8059287 283.4946796 284.1712861 284.8361716 285.489738 286.132367 286.7644213 287.3862461 287.9981702 288.6005067 289.1935544 289.7775984 290.3529109 290.9197522 291.4783712 292.0290059 292.5718844 293.1072253 293.6352381 294.1561238 294.6700752 295.1772777 295.6779093 296.1721412 296.6601379 297.142058 297.618054 298.088273 298.5528564 299.011941 299.4656584 299.9141358 300.3574959 300.7958572 301.2293342 301.6580378 302.0820749 302.501549 302.9165605 303.3272061 303.73358 304.1357731 304.5338735 304.9279667 305.3181356 305.7044606 306.0870195 306.4659347 306.8413131 307.213208 307.5816732 307.9467628 308.3085312 308.6670324 309.0223207 309.3744498 309.7234732 310.069444 310.4124148 310.7524375 311.0895635 311.4238436 311.7553276 312.0840649 312.410104 312.7334924 313.0542771 313.3725041 313.6882186 314.001465 314.3122867 314.6207263
257.0351358 258.37193 259.663877 260.9138541 262.1244747 263.2981192 264.4369614 265.5429913 266.6180351 267.6637724 268.6817513 269.6734015 270.6400463 271.5829123 272.5031389 273.4017864 274.2798425 275.1382296 275.9778096 276.7993895 277.6037259 278.3915287 279.1634656 279.9201646 280.6622175 281.3901826 282.1045869 282.8059287 283.4946796 284.1712861 284.8361716 285.489738 286.132367 286.7644213 287.3862461 287.9981702 288.6005067 289.1935544 289.7775984 290.3529109 290.9197522 291.4783712 292.0290059 292.5718844 293.1072253 293.6352381 294.1561238 294.6700752 295.1772777 295.6779093 296.1721412 296.6601379 297.142058 297.618054 298.088273 298.5528564 299.011941 299.4656584 299.9141358 300.3574959 300.7958572 301.2293342 301.6580378 302.0820749 302.501549 302.9165605 303.3272061 303.73358 304.1357731 304.5338735 304.9279667 305.3181356 305.7044606 306.0870195 306.4659347 306.8413131 307.213208 307.5816732 307.9467628 308.3085312 308.6670324 309.0223207 309.3744498 309.7234732 310.069444 310.4124148 310.7524375 311.0895635 311.4238436 311.7553276 312.0840649 312.410104 312.7334924 313.0542771 313.3725041 313.6882186 314.001465 314.3122867 314.6207263
# Pb(g)
173.3140601 174.0699958 174.7994056 175.5040878 176.1856635 176.8455997 177.4852278 178.10576 178.7083032 179.2938709 179.8633931 180.4177257 180.9576578 181.4839186 181.9971835 182.4980788 182.9871868 183.4650495 183.9321727 184.3890284 184.8360584 185.2736765 185.702271 186.1222065 186.5338262 186.9374529 187.3333912 187.7219287 188.1033369 188.4778728 188.8457797 189.2072882 189.562617 189.911974 190.2555567 190.5935527 190.9261411 191.2534922 191.5757685 191.8931251 192.2057102 192.5136652 192.8171258 193.1162213 193.4110761 193.7018091 193.9885343 194.2713614 194.5503954 194.8257375 195.0974847 195.3657306 195.6305651 195.8920749 196.1503435 196.4054514 196.6574763 196.9064932 197.1525745 197.3957902 197.6362079 197.8738932 198.1089093 198.3413177 198.5711776 198.7985467 199.0234808 199.2460342 199.4662593 199.6842074 199.8999279 200.1134692 200.324878 200.5342002 200.7415891 200.9471658 201.1509313 201.3528905 201.5530516 201.7514261 201.9480285 202.1428755 202.3359861 202.5273812 202.7170833 202.9051164 203.0915056 203.276277 203.4594577 203.6410755 203.8211585 203.9997355 204.1768357 204.3524882 204.5267225 204.6995682 204.8710547 205.0412114 205.2100676
173.3140601 174.0699958 174.7994056 175.5040878 176.1856635 176.8455997 177.4852278 178.10576 178.7083032 179.2938709 179.8633931 180.4177257 180.9576578 181.4839186 181.9971835 182.4980788 182.9871868 183.4650495 183.9321727 184.3890284 184.8360584 185.2736765 185.702271 186.1222065 186.5338262 186.9374529 187.3333912 187.7219287 188.1033369 188.4778728 188.8457797 189.2072882 189.562617 189.911974 190.2555567 190.5935527 190.9261411 191.2534922 191.5757685 191.8931251 192.2057102 192.5136652 192.8171258 193.1162213 193.4110761 193.7018091 193.9885343 194.2713614 194.5503954 194.8257375 195.0974847 195.3657306 195.6305651 195.8920749 196.1503435 196.4054514 196.6574763 196.9064932 197.1525745 197.3957902 197.6362079 197.8738932 198.1089093 198.3413177 198.5711776 198.7985467 199.0234808 199.2460342 199.4662593 199.6842074 199.8999279 200.1134692 200.324878 200.5342002 200.7415891 200.9471658 201.1509313 201.3528905 201.5530516 201.7514261 201.9480285 202.1428755 202.3359861 202.5273812 202.7170833 202.9051164 203.0915056 203.276277 203.4594577 203.6410755 203.8211585 203.9997355 204.1768357 204.3524882 204.5267225 204.6995682 204.8710547 205.0412114 205.2100676
173.3140601 174.0699958 174.7994056 175.5040878 176.1856635 176.8455997 177.4852278 178.10576 178.7083032 179.2938709 179.8633931 180.4177257 180.9576578 181.4839186 181.9971835 182.4980788 182.9871868 183.4650495 183.9321727 184.3890284 184.8360584 185.2736765 185.702271 186.1222065 186.5338262 186.9374529 187.3333912 187.7219287 188.1033369 188.4778728 188.8457797 189.2072882 189.562617 189.911974 190.2555567 190.5935527 190.9261411 191.2534922 191.5757685 191.8931251 192.2057102 192.5136652 192.8171258 193.1162213 193.4110761 193.7018091 193.9885343 194.2713614 194.5503954 194.8257375 195.0974847 195.3657306 195.6305651 195.8920749 196.1503435 196.4054514 196.6574763 196.9064932 197.1525745 197.3957902 197.6362079 197.8738932 198.1089093 198.3413177 198.5711776 198.7985467 199.0234808 199.2460342 199.4662593 199.6842074 199.8999279 200.1134692 200.324878 200.5342002 200.7415891 200.9471658 201.1509313 201.3528905 201.5530516 201.7514261 201.9480285 202.1428755 202.3359861 202.5273812 202.7170833 202.9051164 203.0915056 203.276277 203.4594577 203.6410755 203.8211585 203.9997355 204.1768357 204.3524882 204.5267225 204.6995682 204.8710547 205.0412114 205.2100676
# PbI(g)
276.7319841 278.0802304 279.3824309 280.6416069 281.8604947 283.0415799 284.1871269 285.2992041 286.3797056 287.4303706 288.4527991 289.4484667 290.4187372 291.3648729 292.2880452 293.1893425 294.069778 294.9302965 295.7717805 296.5950551 297.4008932 298.19002 298.9631163 299.7208223 300.4637409 301.1924402 301.9074565 302.6092964 303.2984388 303.9753372 304.6404213 305.2940987 305.9367563 306.5687616 307.1904641 307.8021967 308.4042762 308.9970047 309.5806702 310.1555481 310.7219009 311.2799801 311.8300258 312.3722683 312.9069277 313.4342154 313.9543339 314.4674775 314.9738328 315.4735791 315.9668886 316.453927 316.9348538 317.4098223 317.8789804 318.3424705 318.8004298 319.2529907 319.700281 320.1424241 320.5795389 321.0117405 321.4391402 321.8618455 322.2799603 322.6935854 323.1028181 323.5077528 323.9084808 324.3050909 324.6976687 325.0862977 325.4710585 325.8520297 326.2293534 326.6031545 326.9734835 327.3403915 327.7039293 328.0641483 328.4210993 328.7748334 329.125401 329.4728524 329.8172376 330.158606 330.4970066 330.8324876 331.1650969 331.4948816 331.8218884 332.146163 332.4677506 332.7866957 333.103042 333.4168326 333.7281097 334.036915 334.3432893
276.7319841 278.0802304 279.3824309 280.6416069 281.8604947 283.0415799 284.1871269 285.2992041 286.3797056 287.4303706 288.4527991 289.4484667 290.4187372 291.3648729 292.2880452 293.1893425 294.069778 294.9302965 295.7717805 296.5950551 297.4008932 298.19002 298.9631163 299.7208223 300.4637409 301.1924402 301.9074565 302.6092964 303.2984388 303.9753372 304.6404213 305.2940987 305.9367563 306.5687616 307.1904641 307.8021967 308.4042762 308.9970047 309.5806702 310.1555481 310.7219009 311.2799801 311.8300258 312.3722683 312.9069277 313.4342154 313.9543339 314.4674775 314.9738328 315.4735791 315.9668886 316.453927 316.9348538 317.4098223 317.8789804 318.3424705 318.8004298 319.2529907 319.700281 320.1424241 320.5795389 321.0117405 321.4391402 321.8618455 322.2799603 322.6935854 323.1028181 323.5077528 323.9084808 324.3050909 324.6976687 325.0862977 325.4710585 325.8520297 326.2293534 326.6031545 326.9734835 327.3403915 327.7039293 328.0641483 328.4210993 328.7748334 329.125401 329.4728524 329.8172376 330.158606 330.4970066 330.8324876 331.1650969 331.4948816 331.8218884 332.146163 332.4677506 332.7866957 333.103042 333.4168326 333.7281097 334.036915 334.3432893
276.7319841 278.0802304 279.3824309 280.6416069 281.8604947 283.0415799 284.1871269 285.2992041 286.3797056 287.4303706 288.4527991 289.4484667 290.4187372 291.3648729 292.2880452 293.1893425 294.069778 294.9302965 295.7717805 296.5950551 297.4008932 298.19002 298.9631163 299.7208223 300.4637409 301.1924402 301.9074565 302.6092964 303.2984388 303.9753372 304.6404213 305.2940987 305.9367563 306.5687616 307.1904641 307.8021967 308.4042762 308.9970047 309.5806702 310.1555481 310.7219009 311.2799801 311.8300258 312.3722683 312.9069277 313.4342154 313.9543339 314.4674775 314.9738328 315.4735791 315.9668886 316.453927 316.9348538 317.4098223 317.8789804 318.3424705 318.8004298 319.2529907 319.700281 320.1424241 320.5795389 321.0117405 321.4391402 321.8618455 322.2799603 322.6935854 323.1028181 323.5077528 323.9084808 324.3050909 324.6976687 325.0862977 325.4710585 325.8520297 326.2293534 326.6031545 326.9734835 327.3403915 327.7039293 328.0641483 328.4210993 328.7748334 329.125401 329.4728524 329.8172376 330.158606 330.4970066 330.8324876 331.1650969 331.4948816 331.8218884 332.146163 332.4677506 332.7866957 333.103042 333.4168326 333.7281097 334.036915 334.3432893
# PbI2(g)
346.9499442 349.0232675 351.026599 352.9644312 354.8408445 356.659555 358.4239563 360.1371547 361.8020013 363.4211177 364.9969206 366.5316422 368.0273479 369.4859529 370.909236 372.2988521 373.6563438 374.9831505 376.280618 377.550006 378.7924955 380.009195 381.2011462 382.3693297 383.5146689 384.638035 385.7402504 386.8220928 387.8842976 388.9275615 389.9525449 390.9598745 391.9501453 392.9239231 393.881746 394.8241261 395.7515517 396.6644882 397.5633795 398.4486499 399.3207045 400.1799307 401.0266992 401.861365 402.684268 403.4957341 404.296076 405.0855936 405.8645748 406.6332965 407.3920246 408.1410149 408.8805135 409.6107573 410.3319745 411.044385 411.7482007 412.4436259 413.1308581 413.8100874 414.4814978 415.1452667 415.8015659 416.4505612 417.0924132 417.7272771 418.3553031 418.9766368 419.5914192 420.1997868 420.8018719 421.3978029 421.9877042 422.5716967 423.1498971 423.7224187 424.2893716 424.8508632 425.4069974 425.9578754 426.5035955 427.0442531 427.5799413 428.1107505 428.6367686 429.1580812 429.6747716 430.1869211 430.6946085 431.197911 431.6969035 432.1916591 432.6822491 433.168743 433.6512085 434.1297117 434.6043171 435.0750877 435.5420848
346.9499442 349.0232675 351.026599 352.9644312 354.8408445 356.659555 358.4239563 360.1371547 361.8020013 363.4211177 364.9969206 366.5316422 368.0273479 369.4859529 370.909236 372.2988521 373.6563438 374.9831505 376.280618 377.550006 378.7924955 380.009195 381.2011462 382.3693297 383.5146689 384.638035 385.7402504 386.8220928 387.8842976 388.9275615 389.9525449 390.9598745 391.9501453 392.9239231 393.881746 394.8241261 395.7515517 396.6644882 397.5633795 398.4486499 399.3207045 400.1799307 401.0266992 401.861365 402.684268 403.4957341 404.296076 405.0855936 405.8645748 406.6332965 407.3920246 408.1410149 408.8805135 409.6107573 410.3319745 411.044385 411.7482007 412.4436259 413.1308581 413.8100874 414.4814978 415.1452667 415.8015659 416.4505612 417.0924132 417.7272771 418.3553031 418.9766368 419.5914192 420.1997868 420.8018719 421.3978029 421.9877042 422.5716967 423.1498971 423.7224187 424.2893716 424.8508632 425.4069974 425.9578754 426.5035955 427.0442531 427.5799413 428.1107505 428.6367686 429.1580812 429.6747716 430.1869211 430.6946085 431.197911 431.6969035 432.1916591 432.6822491 433.168743 433.6512085 434.1297117 434.6043171 435.0750877 435.5420848
346.9499442 349.0232675 351.026599 352.9644312 354.8408445 356.659555 358.4239563 360.1371547 361.8020013 363.4211177 364.9969206 366.5316422 368.0273479 369.4859529 370.909236 372.2988521 373.6563438 374.9831505 376.280618 377.550006 378.7924955 380.009195 381.2011462 382.3693297 383.5146689 384.638035 385.7402504 386.8220928 387.8842976 388.9275615 389.9525449 390.9598745 391.9501453 392.9239231 393.881746 394.8241261 395.7515517 396.6644882 397.5633795 398.4486499 399.3207045 400.1799307 401.0266992 401.861365 402.684268 403.4957341 404.296076 405.0855936 405.8645748 406.6332965 407.3920246 408.1410149 408.8805135 409.6107573 410.3319745 411.044385 411.7482007 412.4436259 413.1308581 413.8100874 414.4814978 415.1452667 415.8015659 416.4505612 417.0924132 417.7272771 418.3553031 418.9766368 419.5914192 420.1997868 420.8018719 421.3978029 421.9877042 422.5716967 423.1498971 423.7224187 424.2893716 424.8508632 425.4069974 425.9578754 426.5035955 427.0442531 427.5799413 428.1107505 428.6367686 429.1580812 429.6747716 430.1869211 430.6946085 431.197911 431.6969035 432.1916591 432.6822491 433.168743 433.6512085 434.1297117 434.6043171 435.0750877 435.5420848
# PbI2(cr)
167.1833153 169.9880501 172.7012449 175.3288451 177.8732132 180.3386767 182.7307851 185.0545115 187.3143309 189.5142848 191.6580361 193.7489156 195.7899611 197.7839513 199.7334349 201.6407553 203.5080725 205.3373819 207.1305308 208.8892329 210.6150809 212.3095581 213.9740477 215.6098422 217.2181512 218.8001083 220.3567772 221.8891578 223.3981911 224.8847637 226.3497118 227.7938255 229.2178518 230.6224974 232.0084325 233.3762922 234.7266799 236.0601686 237.3773034 238.6786033 239.9645626 241.2356525 242.4923229 243.735003 244.9641033 246.1800162 247.383117 248.5737655 249.7523059 250.9190686 252.0743705 253.2185155 254.3517958 255.4744921 256.5868741 257.6892015 258.781724 259.8646824 260.9383082 262.0028249 263.0584479 264.1053851 265.1438368 266.1739969 267.1960524 268.2101839 269.2165664 270.2153686 271.2067543 272.1908814 273.1679034 274.1379685 275.1012204 276.0577985 277.0078378 277.9514694 278.8888203 279.8200137 280.7451694 281.6644036 282.5778292 283.4855558 284.3876901 285.2843355 286.1755929 287.0615603 287.9423329 288.8180035 289.6886624 290.5543975 291.4152944 292.2714365 293.1229049 293.9697789 294.8121356 295.6500502 296.4835961 297.3128448 298.1378661
167.1833153 169.9880501 172.7012449 175.3288451 177.8732132 180.3386767 182.7307851 185.0545115 187.3143309 189.5142848 191.6580361 193.7489156 195.7899611 197.7839513 199.7334349 201.6407553 203.5080725 205.3373819 207.1305308 208.8892329 210.6150809 212.3095581 213.9740477 215.6098422 217.2181512 218.8001083 220.3567772 221.8891578 223.3981911 224.8847637 226.3497118 227.7938255 229.2178518 230.6224974 232.0084325 233.3762922 234.7266799 236.0601686 237.3773034 238.6786033 239.9645626 241.2356525 242.4923229 243.735003 244.9641033 246.1800162 247.383117 248.5737655 249.7523059 250.9190686 252.0743705 253.2185155 254.3517958 255.4744921 256.5868741 257.6892015 258.781724 259.8646824 260.9383082 262.0028249 263.0584479 264.1053851 265.1438368 266.1739969 267.1960524 268.2101839 269.2165664 270.2153686 271.2067543 272.1908814 273.1679034 274.1379685 275.1012204 276.0577985 277.0078378 277.9514694 278.8888203 279.8200137 280.7451694 281.6644036 282.5778292 283.4855558 284.3876901 285.2843355 286.1755929 287.0615603 287.9423329 288.8180035 289.6886624 290.5543975 291.4152944 292.2714365 293.1229049 293.9697789 294.8121356 295.6500502 296.4835961 297.3128448 298.1378661
167.1833153 169.9880501 172.7012449 175.3288451 177.8732132 180.3386767 182.7307851 185.0545115 187.3143309 189.5142848 191.6580361 193.7489156 195.7899611 197.7839513 199.7334349 201.6407553 203.5080725 205.3373819 207.1305308 208.8892329 210.6150809 212.3095581 213.9740477 215.6098422 217.2181512 218.8001083 220.3567772 221.8891578 223.3981911 224.8847637 226.3497118 227.7938255 229.2178518 230.6224974 232.0084325 233.3762922 234.7266799 236.0601686 237.3773034 238.6786033 239.9645626 241.2356525 242.4923229 243.735003 244.9641033 246.1800162 247.383117 248.5737655 249.7523059 250.9190686 252.0743705 253.2185155 254.3517958 255.4744921 256.5868741 257.6892015 258.781724 259.8646824 260.9383082 262.0028249 263.0584479 264.1053851 265.1438368 266.1739969 267.1960524 268.2101839 269.2165664 270.2153686 271.2067543 272.1908814 273.1679034 274.1379685 275.1012204 276.0577985 277.0078378 277.9514694 278.8888203 279.8200137 280.7451694 281.6644036 282.5778292 283.4855558 284.3876901 285.2843355 286.1755929 287.0615603 287.9423329 288.8180035 289.6886624 290.5543975 291.4152944 292.2714365 293.1229049 293.9697789 294.8121356 295.6500502 296.4835961 297.3128448 298.1378661
# PbI2(l)
174.7151977 178.6792483 182.5041804 186.1994285 189.7734988 193.2340872 196.5881788 199.8421333 203.0017568 206.0723649 209.0588361 211.9656584 214.7969703 217.5565957 220.2480751 222.8746932 225.4395028 227.945346 230.3948734 232.7905606 235.1347236 237.4295321 239.6770216 241.8791041 244.0375782 246.1541375 248.2303789 250.2678098 252.2678545 254.2318604 256.1611033 258.0567925 259.9200751 261.7520406 263.5537242 265.3261109 267.0701382 268.7866993 270.476646 272.140791 273.7799103 275.3947454 276.9860055 278.5543689 280.1004853 281.624977 283.1284406 284.6114482 286.0745491 287.5182705 288.9431193 290.3495824 291.7381283 293.1092078 294.4632547 295.8006872 297.121908 298.4273054 299.7172539 300.992115 302.2522374 303.4979582 304.7296027 305.9474855 307.1519108 308.3431727 309.5215558 310.6873357 311.840779 312.9821442 314.1116816 315.2296337 316.3362359 317.4317162 318.5162961 319.5901903 320.6536073 321.7067496 322.7498138 323.782991 324.8064669 325.8204219 326.8250316 327.8204666 328.8068931 329.7844726 330.7533623 331.7137155 332.6656812 333.6094046 334.5450273 335.4726872 336.3925187 337.3046527 338.209217 339.1063363 339.9961321 340.878723 341.7542247
174.7151977 178.6792483 182.5041804 186.1994285 189.7734988 193.2340872 196.5881788 199.8421333 203.0017568 206.0723649 209.0588361 211.9656584 214.7969703 217.5565957 220.2480751 222.8746932 225.4395028 227.945346 230.3948734 232.7905606 235.1347236 237.4295321 239.6770216 241.8791041 244.0375782 246.1541375 248.2303789 250.2678098 252.2678545 254.2318604 256.1611033 258.0567925 259.9200751 261.7520406 263.5537242 265.3261109 267.0701382 268.7866993 270.476646 272.140791 273.7799103 275.3947454 276.9860055 278.5543689 280.1004853 281.624977 283.1284406 284.6114482 286.0745491 287.5182705 288.9431193 290.3495824 291.7381283 293.1092078 294.4632547 295.8006872 297.121908 298.4273054 299.7172539 300.992115 302.2522374 303.4979582 304.7296027 305.9474855 307.1519108 308.3431727 309.5215558 310.6873357 311.840779 312.9821442 314.1116816 315.2296337 316.3362359 317.4317162 318.5162961 319.5901903 320.6536073 321.7067496 322.7498138 323.782991 324.8064669 325.8204219 326.8250316 327.8204666 328.8068931 329.7844726 330.7533623 331.7137155 332.6656812 333.6094046 334.5450273 335.4726872 336.3925187 337.3046527 338.209217 339.1063363 339.9961321 340.878723 341.7542247
174.7151977 178.6792483 182.5041804 186.1994285 189.7734988 193.2340872 196.5881788 199.8421333 203.0017568 206.0723649 209.0588361 211.9656584 214.7969703 217.5565957 220.2480751 222.8746932 225.4395028 227.945346 230.3948734 232.7905606 235.1347236 237.4295321 239.6770216 241.8791041 244.0375782 246.1541375 248.2303789 250.2678098 252.2678545 254.2318604 256.1611033 258.0567925 259.9200751 261.7520406 263.5537242 265.3261109 267.0701382 268.7866993 270.476646 272.140791 273.7799103 275.3947454 276.9860055 278.5543689 280.1004853 281.624977 283.1284406 284.6114482 286.0745491 287.5182705 288.9431193 290.3495824 291.7381283 293.1092078 294.4632547 295.8006872 297.121908 298.4273054 299.7172539 300.992115 302.2522374 303.4979582 304.7296027 305.9474855 307.1519108 308.3431727 309.5215558 310.6873357 311.840779 312.9821442 314.1116816 315.2296337 316.3362359 317.4317162 318.5162961 319.5901903 320.6536073 321.7067496 322.7498138 323.782991 324.8064669 325.8204219 326.8250316 327.8204666 328.8068931 329.7844726 330.7533623 331.7137155 332.6656812 333.6094046 334.5450273 335.4726872 336.3925187 337.3046527 338.209217 339.1063363 339.9961321 340.878723 341.7542247
# Pb(cr)
62.17026676 63.13153334 64.06216142 64.96454101 65.84077455 66.69270559 67.52195032 68.32992869 69.11789359 69.88695712 70.63811366 71.37225976 72.09021097 72.79271588 73.48046771 74.15411368 74.81426237 75.46148961 76.09634277 76.719344 77.33099235 77.93176511 78.52211841 79.10248721 79.6732849 80.23490238 80.78770693 81.33204077 81.86821941 82.3965299 82.91722894 83.43054088 83.93665567 84.43572685 84.92786941 85.41315771 85.89162346 86.3632536 86.82798833 87.28571912 87.73628674 88.1794794 88.61503091 89.04261883 89.46186279 89.87232279 90.27349752 90.66482283 91.04567018 91.41534514 91.77308602 92.11806243 92.44937402 92.76604913 93.06704362 93.35123966 93.61744458 93.86438977 94.09072967 94.29504066 94.47582018 94.63148569 94.76037387 94.86073962 94.93075535 94.96851006 94.97200863 94.93917105 94.8678317 94.75573863 94.60055293 94.39984809 94.15110933 93.85173306 93.49902625 93.09020593 92.62239862 92.09263984 91.49787359 90.83495188 90.10063428 89.29158747 88.40438482 87.43550594 86.38133634 85.238167 84.00219401 82.66951822 81.2361449 79.69798338 78.05084674 76.29045153 74.4124174 72.41226688 70.28542505 68.02721931 65.63287908 63.09753555 60.41622147
62.17026676 63.13153334 64.06216142 64.96454101 65.84077455 66.69270559 67.52195032 68.32992869 69.11789359 69.88695712 70.63811366 71.37225976 72.09021097 72.79271588 73.48046771 74.15411368 74.81426237 75.46148961 76.09634277 76.719344 77.33099235 77.93176511 78.52211841 79.10248721 79.6732849 80.23490238 80.78770693 81.33204077 81.86821941 82.3965299 82.91722894 83.43054088 83.93665567 84.43572685 84.92786941 85.41315771 85.89162346 86.3632536 86.82798833 87.28571912 87.73628674 88.1794794 88.61503091 89.04261883 89.46186279 89.87232279 90.27349752 90.66482283 91.04567018 91.41534514 91.77308602 92.11806243 92.44937402 92.76604913 93.06704362 93.35123966 93.61744458 93.86438977 94.09072967 94.29504066 94.47582018 94.63148569 94.76037387 94.86073962 94.93075535 94.96851006 94.97200863 94.93917105 94.8678317 94.75573863 94.60055293 94.39984809 94.15110933 93.85173306 93.49902625 93.09020593 92.62239862 92.09263984 91.49787359 90.83495188 90.10063428 89.29158747 88.40438482 87.43550594 86.38133634 85.238167 84.00219401 82.66951822 81.2361449 79.69798338 78.05084674 76.29045153 74.4124174 72.41226688 70.28542505 68.02721931 65.63287908 63.09753555 60.41622147
62.17026676 63.13153334 64.06216142 64.96454101 65.84077455 66.69270559 67.52195032 68.32992869 69.11789359 69.88695712 70.63811366 71.37225976 72.09021097 72.79271588 73.48046771 74.15411368 74.81426237 75.46148961 76.09634277 76.719344 77.33099235 77.93176511 78.52211841 79.10248721 79.6732849 80.23490238 80.78770693 81.33204077 81.86821941 82.3965299 82.91722894 83.43054088 83.93665567 84.43572685 84.92786941 85.41315771 85.89162346 86.3632536 86.82798833 87.28571912 87.73628674 88.1794794 88.61503091 89.04261883 89.46186279 89.87232279 90.27349752 90.66482283 91.04567018 91.41534514 91.77308602 92.11806243 92.44937402 92.76604913 93.06704362 93.35123966 93.61744458 93.86438977 94.09072967 94.29504066 94.47582018 94.63148569 94.76037387 94.86073962 94.93075535 94.96851006 94.97200863 94.93917105 94.8678317 94.75573863 94.60055293 94.39984809 94.15110933 93.85173306 93.49902625 93.09020593 92.62239862 92.09263984 91.49787359 90.83495188 90.10063428 89.29158747 88.40438482 87.43550594 86.38133634 85.238167 84.00219401 82.66951822 81.2361449 79.69798338 78.05084674 76.29045153 74.4124174 72.41226688 70.28542505 68.02721931 65.63287908 63.09753555 60.41622147
# Pb(l)
68.02854424 69.10444237 70.14985996 71.16591222 72.15372653 73.11442242 74.04909791 74.95882041 75.8446208 76.70749001 77.54837712 78.36818879 79.16778944 79.94800209 80.70960952 81.45335576 82.17994768 82.89005671 83.5843206 84.26334506 84.92770558 85.57794896 86.21459498 86.83813787 87.44904779 88.04777214 88.63473694 89.21034797 89.77499198 90.32903772 90.87283699 91.40672561 91.93102426 92.44603936 92.95206384 93.4493779 93.93824967 94.41893589 94.89168248 95.35672515 95.81428994 96.26459365 96.70784442 97.14424209 97.57397865 97.99723863 98.41419948 98.82503188 99.22990012 99.62896236 100.0223709 100.4102727 100.7928091 101.1701166 101.542327 101.9095672 102.27196 102.6296238 102.9826731 103.3312185 103.675367 104.0152221 104.3508839 104.6824492 105.0100117 105.3336624 105.6534892 105.9695773 106.2820094 106.5908655 106.8962234 107.1981584 107.4967437 107.7920502 108.0841469 108.3731008 108.6589768 108.9418382 109.2217463 109.4987609 109.7729399 110.0443398 110.3130156 110.5790207 110.842407 111.1032253 111.3615247 111.6173534 111.870758 112.1217842 112.3704762 112.6168774 112.86103 113.102975 113.3427527 113.580402 113.8159613 114.0494676 114.2809574
68.02854424 69.10444237 70.14985996 71.16591222 72.15372653 73.11442242 74.04909791 74.95882041 75.8446208 76.70749001 77.54837712 78.36818879 79.16778944 79.94800209 80.70960952 81.45335576 82.17994768 82.89005671 83.5843206 84.26334506 84.92770558 85.57794896 86.21459498 86.83813787 87.44904779 88.04777214 88.63473694 89.21034797 89.77499198 90.32903772 90.87283699 91.40672561 91.93102426 92.44603936 92.95206384 93.4493779 93.93824967 94.41893589 94.89168248 95.35672515 95.81428994 96.26459365 96.70784442 97.14424209 97.57397865 97.99723863 98.41419948 98.82503188 99.22990012 99.62896236 100.0223709 100.4102727 100.7928091 101.1701166 101.542327 101.9095672 102.27196 102.6296238 102.9826731 103.3312185 103.675367 104.0152221 104.3508839 104.6824492 105.0100117 105.3336624 105.6534892 105.9695773 106.2820094 106.5908655 106.8962234 107.1981584 107.4967437 107.7920502 108.0841469 108.3731008 108.6589768 108.9418382 109.2217463 109.4987609 109.7729399 110.0443398 110.3130156 110.5790207 110.842407 111.1032253 111.3615247 111.6173534 111.870758 112.1217842 112.3704762 112.6168774 112.86103 113.102975 113.3427527 113.580402 113.8159613 114.0494676 114.2809574
68.02854424 69.10444237 70.14985996 71.16591222 72.15372653 73.11442242 74.04909791 74.95882041 75.8446208 76.70749001 77.54837712 78.36818879 79.16778944 79.94800209 80.70960952 81.45335576 82.17994768 82.89005671 83.5843206 84.26334506 84.92770558 85.57794896 86.21459498 86.83813787 87.44904779 88.04777214 88.63473694 89.21034797 89.77499198 90.32903772 90.87283699 91.40672561 91.93102426 92.44603936 92.95206384 93.4493779 93.93824967 94.41893589 94.89168248 95.35672515 95.81428994 96.26459365 96.70784442 97.14424209 97.57397865 97.99723863 98.41419948 98.82503188 99.22990012 99.62896236 100.0223709 100.4102727 100.7928091 101.1701166 101.542327 101.9095672 102.27196 102.6296238 102.9826731 103.3312185 103.675367 104.0152221 104.3508839 104.6824492 105.0100117 105.3336624 105.6534892 105.9695773 106.2820094 106.5908655 106.8962234 107.1981584 107.4967437 107.7920502 108.0841469 108.3731008 108.6589768 108.9418382 109.2217463 109.4987609 109.7729399 110.0443398 110.3130156 110.5790207 110.842407 111.1032253 111.3615247 111.6173534 111.870758 112.1217842 112.3704762 112.6168774 112.86103 113.102975 113.3427527 113.580402 113.8159613 114.0494676 114.2809574
<Cp0>
# He(g)
20.78615655 20.78615655 20.78615655 20.78615655 20.78615655 20.78615655 20.78615655 20.78615655 20.78615655 20.78615655 20.78615655 20.78615655 20.78615655 20.78615655 20.78615655 20.78615655 20.78615655 20.78615655 20.78615655 20.78615655 20.78615655 20.78615655 20.78615655 20.78615655 20.78615655 20.78615655 20.78615655 20.78615655 20.78615655 20.78615655 20.78615655 20.78615655 20.78615655 20.78615655 20.78615655 20.78615655 20.78615655 20.78615655 20.78615655 20.78615655 20.78615655 20.78615655 20.78615655 20.78615655 20.78615655 20.78615655 20.78615655 20.78615655 20.78615655 20.78615655 20.78615655 20.78615655 20.78615655 20.78615655 20.78615655 20.78615655 20.78615655 20.78615655 20.78615655 20.78615655 20.78615655 20.78615655 20.78615655 20.78615655 20.78615655 20.78615655 20.78615655 20.78615655 20.78615655 20.78615655 20.78615655 20.78615655 20.78615655 20.78615655 20.78615655 20.78615655 20.78615655 20.78615655 20.78615655 20.78615655 20.78615655 20.78615655 20.78615655 20.78615655 20.78615655 20.78615655 20.78615655 20.78615655 20.78615655 20.78615655 20.78615655 20.78615655 20.78615655 20.78615655 20.78615655 20.78615655 20.78615655 20.78615655 20.78615655
20.78615655 20.78615655 20.78615655 20.78615655 20.78615655 20.78615655 20.78615655 20.78615655 20.78615655 20.78615655 20.78615655 20.78615655 20.78615655 20.78615655 20.78615655 20.78615655 20.78615655 20.78615655 20.78615655 20.78615655 20.78615655 20.78615655 20.78615655 20.78615655 20.78615655 20.78615655 20.78615655 20.78615655 20.78615655 20.78615655 20.78615655 20.78615655 20.78615655 20.78615655 20.78615655 20.78615655 20.78615655 20.78615655 20.78615655 20.78615655 20.78615655 20.78615655 20.78615655 20.78615655 20.78615655 20.78615655 20.78615655 20.78615655 20.78615655 20.78615655 20.78615655 20.78615655 20.78615655 20.78615655 20.78615655 20.78615655 20.78615655 20.78615655 20.78615655 20.78615655 20.78615655 20.78615655 20.78615655 20.78615655 20.78615655 20.78615655 20.78615655 20.78615655 20.78615655 20.78615655 20.78615655 20.78615655 20.78615655 20.78615655 20.78615655 20.78615655 20.78615655 20.78615655 20.78615655 20.78615655 20.78615655 20.78615655 20.78615655 20.78615655 20.78615655 20.78615655 20.78615655 20.78615655 20.78615655 20.78615655 20.78615655 20.78615655 20.78615655 20.78615655 20.78615655 20.78615655 20.78615655 20.78615655 20.78615655
20.78615655 20.78615655 20.78615655 20.78615655 20.78615655 20.78615655 20.78615655 20.78615655 20.78615655 20.78615655 20.78615655 20.78615655 20.78615655 20.78615655 20.78615655 20.78615655 20.78615655 20.78615655 20.78615655 20.78615655 20.78615655 20.78615655 20.78615655 20.78615655 20.78615655 20.78615655 20.78615655 20.78615655 20.78615655 20.78615655 20.78615655 20.78615655 20.78615655 20.78615655 20.78615655 20.78615655 20.78615655 20.78615655 20.78615655 20.78615655 20.78615655 20.78615655 20.78615655 20.78615655 20.78615655 20.78615655 20.78615655 20.78615655 20.78615655 20.78615655 20.78615655 20.78615655 20.78615655 20.78615655 20.78615655 20.78615655 20.78615655 20.78615655 20.78615655 20.78615655 20.78615655 20.78615655 20.78615655 20.78615655 20.78615655 20.78615655 20.78615655 20.78615655 20.78615655 20.78615655 20.78615655 20.78615655 20.78615655 20.78615655 20.78615655 20.78615655 20.78615655 20.78615655 20.78615655 20.78615655 20.78615655 20.78615655 20.78615655 20.78615655 20.78615655 20.78615655 20.78615655 20.78615655 20.78615655 20.78615655 20.78615655 20.78615655 20.78615655 20.78615655 20.78615655 20.78615655 20.78615655 20.78615655 20.78615655
# I(g)
20.78612343 20.78613746 20.78614906 20.786158 20.78616436 20.78616838 20.7861704 20.78617079 20.78616992 20.78616817 20.78616584 20.78616323 20.78616055 20.786158 20.78615572 20.7861538 20.78615232 20.78615128 20.78615071 20.78615057 20.78615084 20.78615148 20.78615242 20.78615363 20.78615505 20.78615665 20.7861584 20.7861603 20.78616236 20.78616462 20.78616715 20.78617004 20.78617342 20.78617745 20.78618235 20.78618835 20.78619573 20.78620484 20.78621605 20.78622978 20.78624652 20.78626678 20.78629114 20.78632025 20.78635478 20.78639548 20.78644315 20.78649866 20.78656291 20.7866369 20.78672165 20.78681826 20.7869279 20.7870518 20.78719124 20.78734757 20.78752222 20.78771665 20.78793242 20.78817115 20.7884345 20.78872423 20.78904215 20.78939013 20.78977013 20.79018416 20.7906343 20.79112271 20.7916516 20.79222327 20.79284008 20.79350446 20.79421889 20.79498596 20.79801308 20.80074096 20.80320641 20.80544355 20.80748393 20.80935674 20.81108897 20.81270556 20.81422955 20.81568222 20.8170832 20.81845058 20.81980102 20.82114985 20.82251117 20.82389791 20.82532195 20.82679415 20.82832443 20.82992186 20.83159468 20.83335037 20.83519573 20.83713689 20.83917935
20.78612343 20.78613746 20.78614906 20.786158 20.78616436 20.78616838 20.7861704 20.78617079 20.78616992 20.78616817 20.78616584 20.78616323 20.78616055 20.786158 20.78615572 20.7861538 20.78615232 20.78615128 20.78615071 20.78615057 20.78615084 20.78615148 20.78615242 20.78615363 20.78615505 20.78615665 20.7861584 20.7861603 20.78616236 20.78616462 20.78616715 20.78617004 20.78617342 20.78617745 20.78618235 20.78618835 20.78619573 20.78620484 20.78621605 20.78622978 20.78624652 20.78626678 20.78629114 20.78632025 20.78635478 20.78639548 20.78644315 20.78649866 20.78656291 20.7866369 20.78672165 20.78681826 20.7869279 20.7870518 20.78719124 20.78734757 20.78752222 20.78771665 20.78793242 20.78817115 20.7884345 20.78872423 20.78904215 20.78939013 20.78977013 20.79018416 20.7906343 20.79112271 20.7916516 20.79222327 20.79284008 20.79350446 20.79421889 20.79498596 20.79801308 20.80074096 20.80320641 20.80544355 20.80748393 20.80935674 20.81108897 20.81270556 20.81422955 20.81568222 20.8170832 20.81845058 20.81980102 20.82114985 20.82251117 20.82389791 20.82532195 20.82679415 20.82832443 20.82992186 20.83159468 20.83335037 20.83519573 20.83713689 20.83917935
20.78612343 20.78613746 20.78614906 20.786158 20.78616436 20.78616838 20.7861704 20.78617079 20.78616992 20.78616817 20.78616584 20.78616323 20.78616055 20.786158 20.78615572 20.7861538 20.78615232 20.78615128 20.78615071 20.78615057 20.78615084 20.78615148 20.78615242 20.78615363 20.78615505 20.78615665 20.7861584 20.7861603 20.78616236 20.78616462 20.78616715 20.78617004 20.78617342 20.78617745 20.78618235 20.78618835 20.78619573 20.78620484 20.78621605 20.78622978 20.78624652 20.78626678 20.78629114 20.78632025 20.78635478 20.78639548 20.78644315 20.78649866 20.78656291 20.7866369 20.78672165 20.78681826 20.7869279 20.7870518 20.78719124 20.78734757 20.78752222 20.78771665 20.78793242 20.78817115 20.7884345 20.78872423 20.78904215 20.78939013 20.78977013 20.79018416 20.7906343 20.79112271 20.7916516 20.79222327 20.79284008 20.79350446 20.79421889 20.79498596 20.79801308 20.80074096 20.80320641 20.80544355 20.80748393 20.80935674 20.81108897 20.81270556 20.81422955 20.81568222 20.8170832 20.81845058 20.81980102 20.82114985 20.82251117 20.82389791 20.82532195 20.82679415 20.82832443 20.82992186 20.83159468 20.83335037 20.83519573 20.83713689 20.83917935
# I2(g)
36.72674057 36.78828778 36.84466349 36.89650949 36.9443692 36.98870553 37.02991495 37.06833882 37.1042725 37.1379727 37.16966359 37.19954165 37.22777987 37.25453106 37.27993072 37.30409942 37.3271448 37.34916325 37.37024134 37.39045706 37.40988088 37.42857662 37.44660223 37.4640105 37.48084958 37.49716352 37.51299273 37.52837432 37.54334247 37.5579287 37.57216217 37.58606989 37.5996769 37.61300651 37.62608039 37.6389188 37.65154063 37.66396357 37.6762042 37.68827808 37.70019983 37.71198322 37.7236412 37.73518603 37.74662925 37.7579818 37.76925402 37.78045573 37.79159623 37.80268436 37.81372852 37.8247367 37.8357165 37.84667518 37.85761965 37.8685565 37.87949204 37.89043228 37.90138297 37.91234961 37.92333746 37.93435157 37.94539675 37.95647763 37.96759863 37.978764 37.98997779 38.00124391 38.0125661 38.02394794 38.03539286 38.04690415 38.05848497 38.07013835 38.0909386 38.1100263 38.12761795 38.14391292 38.15909434 38.17333032 38.18677499 38.19956959 38.21184338 38.22371449 38.23529081 38.24667065 38.25794347 38.26919054 38.28048552 38.291895 38.30347904 38.31529162 38.32738111 38.33979065 38.35255856 38.36571867 38.37930069 38.39333045 38.40783025
36.72674057 36.78828778 36.84466349 36.89650949 36.9443692 36.98870553 37.02991495 37.06833882 37.1042725 37.1379727 37.16966359 37.19954165 37.22777987 37.25453106 37.27993072 37.30409942 37.3271448 37.34916325 37.37024134 37.39045706 37.40988088 37.42857662 37.44660223 37.4640105 37.48084958 37.49716352 37.51299273 37.52837432 37.54334247 37.5579287 37.57216217 37.58606989 37.5996769 37.61300651 37.62608039 37.6389188 37.65154063 37.66396357 37.6762042 37.68827808 37.70019983 37.71198322 37.7236412 37.73518603 37.74662925 37.7579818 37.76925402 37.78045573 37.79159623 37.80268436 37.81372852 37.8247367 37.8357165 37.84667518 37.85761965 37.8685565 37.87949204 37.89043228 37.90138297 37.91234961 37.92333746 37.93435157 37.94539675 37.95647763 37.96759863 37.978764 37.98997779 38.00124391 38.0125661 38.02394794 38.03539286 38.04690415 38.05848497 38.07013835 38.0909386 38.1100263 38.12761795 38.14391292 38.15909434 38.17333032 38.18677499 38.19956959 38.21184338 38.22371449 38.23529081 38.24667065 38.25794347 38.26919054 38.28048552 38.291895 38.30347904 38.31529162 38.32738111 38.33979065 38.35255856 38.36571867 38.37930069 38.39333045 38.40783025
36.72674057 36.78828778 36.84466349 36.89650949 36.9443692 36.98870553 37.02991495 37.06833882 37.1042725 37.1379727 37.16966359 37.19954165 37.22777987 37.25453106 37.27993072 37.30409942 37.3271448 37.34916325 37.37024134 37.39045706 37.40988088 37.42857662 37.44660223 37.4640105 37.48084958 37.49716352 37.51299273 37.52837432 37.54334247 37.5579287 37.57216217 37.58606989 37.5996769 37.61300651 37.62608039 37.6389188 37.65154063 37.66396357 37.6762042 37.68827808 37.70019983 37.71198322 37.7236412 37.73518603 37.74662925 37.7579818 37.76925402 37.78045573 37.79159623 37.80268436 37.81372852 37.8247367 37.8357165 37.84667518 37.85761965 37.8685565 37.87949204 37.89043228 37.90138297 37.91234961 37.92333746 37.93435157 37.94539675 37.95647763 37.96759863 37.978764 37.98997779 38.00124391 38.0125661 38.02394794 38.03539286 38.04690415 38.05848497 38.07013835 38.0909386 38.1100263 38.12761795 38.14391292 38.15909434 38.17333032 38.18677499 38.19956959 38.21184338 38.22371449 38.23529081 38.24667065 38.25794347 38.26919054 38.28048552 38.291895 38.30347904 38.31529162 38.32738111 38.33979065 38.35255856 38.36571867 38.37930069 38.39333045 38.40783025
# Pb(g)
20.78588264 20.78599693 20.78609316 20.78616902 20.78622455 20.78626121 20.78628131 20.78628755 20.78628275 20.78626968 20.78625087 20.78622861 20.78620484 20.78618121 20.786159 20.78613921 20.78612255 20.78610946 20.78610016 20.7860947 20.78609293 20.78609462 20.78609943 20.78610697 20.78611682 20.78612856 20.78614183 20.7861563 20.78617172 20.78618798 20.78620506 20.78622311 20.78624244 20.78626356 20.78628716 20.78631417 20.78634572 20.78638322 20.78642831 20.78648292 20.78654924 20.78662977 20.78672729 20.78684489 20.786986 20.78715434 20.78735398 20.78758932 20.78786511 20.78818644 20.78855877 20.78898791 20.78948003 20.79004167 20.79067975 20.79140156 20.79221479 20.79312748 20.79414808 20.79528544 20.79654877 20.79794771 20.79949229 20.80119291 20.80306042 20.80510605 20.80734144 20.80977865 20.81243012 20.81530874 20.81842779 20.82180099 20.82544244 20.8293667 20.85477301 20.87640762 20.89470761 20.91007778 20.922893 20.93350031 20.94222084 20.94935166 20.95516743 20.95992197 20.96384966 20.96716681 20.97007292 20.97275176 20.97537252 20.97809075 20.98104932 20.98437925 20.98820055 20.99262291 20.99774646 21.00366238 21.0104535 21.01819488 21.02695434
20.78588264 20.78599693 20.78609316 20.78616902 20.78622455 20.78626121 20.78628131 20.78628755 20.78628275 20.78626968 20.78625087 20.78622861 20.78620484 20.78618121 20.786159 20.78613921 20.78612255 20.78610946 20.78610016 20.7860947 20.78609293 20.78609462 20.78609943 20.78610697 20.78611682 20.78612856 20.78614183 20.7861563 20.78617172 20.78618798 20.78620506 20.78622311 20.78624244 20.78626356 20.78628716 20.78631417 20.78634572 20.78638322 20.78642831 20.78648292 20.78654924 20.78662977 20.78672729 20.78684489 20.786986 20.78715434 20.78735398 20.78758932 20.78786511 20.78818644 20.78855877 20.78898791 20.78948003 20.79004167 20.79067975 20.79140156 20.79221479 20.79312748 20.79414808 20.79528544 20.79654877 20.79794771 20.79949229 20.80119291 20.80306042 20.80510605 20.80734144 20.80977865 20.81243012 20.81530874 20.81842779 20.82180099 20.82544244 20.8293667 20.85477301 20.87640762 20.89470761 20.91007778 20.922893 20.93350031 20.94222084 20.94935166 20.95516743 20.95992197 20.96384966 20.96716681 20.97007292 20.97275176 20.97537252 20.97809075 20.98104932 20.98437925 20.98820055 20.99262291 20.99774646 21.00366238 21.0104535 21.01819488 21.02695434
20.78588264 20.78599693 20.78609316 20.78616902 20.78622455 20.78626121 20.78628131 20.78628755 20.78628275 20.78626968 20.78625087 20.78622861 20.78620484 20.78618121 20.786159 20.78613921 20.78612255 20.78610946 20.78610016 20.7860947 20.78609293 20.78609462 20.78609943 20.78610697 20.78611682 20.78612856 20.78614183 20.7861563 20.78617172 20.78618798 20.78620506 20.78622311 20.78624244 20.78626356 20.78628716 20.78631417 20.78634572 20.78638322 20.78642831 20.78648292 20.78654924 20.78662977 20.78672729 20.78684489 20.786986 20.78715434 20.78735398 20.78758932 20.78786511 20.78818644 20.78855877 20.78898791 20.78948003 20.79004167 20.79067975 20.79140156 20.79221479 20.79312748 20.79414808 20.79528544 20.79654877 20.79794771 20.79949229 20.80119291 20.80306042 20.80510605 20.80734144 20.80977865 20.81243012 20.81530874 20.81842779 20.82180099 20.82544244 20.8293667 20.85477301 20.87640762 20.89470761 20.91007778 20.922893 20.93350031 20.94222084 20.94935166 20.95516743 20.95992197 20.96384966 20.96716681 20.97007292 20.97275176 20.97537252 20.97809075 20.98104932 20.98437925 20.98820055 20.99262291 20.99774646 21.00366238 21.0104535 21.01819488 21.02695434
# PbI(g)
37.05360171 37.09143559 37.1260794 37.15793416 37.18733998 37.21458686 37.23992337 37.26356354 37.28569253 37.30647115 37.32603962 37.34452066 37.36202204 37.37863873 37.39445463 37.40954415 37.42397338 37.43780127 37.45108046 37.46385811 37.47617656 37.48807391 37.49958452 37.51073944 37.5215668 37.53209212 37.54233864 37.5523275 37.56207804 37.57160794 37.58093343 37.59006942 37.59902963 37.60782677 37.61647255 37.62497786 37.63335283 37.64160689 37.64974887 37.65778702 37.66572911 37.67358248 37.68135405 37.68905038 37.69667772 37.70424203 37.71174902 37.71920418 37.72661279 37.73397995 37.74131063 37.74860964 37.7558817 37.7631314 37.77036328 37.7775818 37.78479134 37.79199629 37.79920094 37.80640963 37.81362662 37.82085622 37.82810271 37.8353704 37.8426636 37.84998668 37.85734402 37.86474002 37.87217915 37.87966593 37.8872049 37.8948007 37.90245799 37.91018151 37.93095473 37.949774 37.96682933 37.98229684 37.99633975 38.00910936 38.02074584 38.03137899 38.04112902 38.05010718 38.05841635 38.06615166 38.07340103 38.0802456 38.08676025 38.093014 38.09907043 38.10498801 38.11082049 38.11661718 38.12242329 38.12828015 38.13422554 38.14029386 38.14651644
37.05360171 37.09143559 37.1260794 37.15793416 37.18733998 37.21458686 37.23992337 37.26356354 37.28569253 37.30647115 37.32603962 37.34452066 37.36202204 37.37863873 37.39445463 37.40954415 37.42397338 37.43780127 37.45108046 37.46385811 37.47617656 37.48807391 37.49958452 37.51073944 37.5215668 37.53209212 37.54233864 37.5523275 37.56207804 37.57160794 37.58093343 37.59006942 37.59902963 37.60782677 37.61647255 37.62497786 37.63335283 37.64160689 37.64974887 37.65778702 37.66572911 37.67358248 37.68135405 37.68905038 37.69667772 37.70424203 37.71174902 37.71920418 37.72661279 37.73397995 37.74131063 37.74860964 37.7558817 37.7631314 37.77036328 37.7775818 37.78479134 37.79199629 37.79920094 37.80640963 37.81362662 37.82085622 37.82810271 37.8353704 37.8426636 37.84998668 37.85734402 37.86474002 37.87217915 37.87966593 37.8872049 37.8948007 37.90245799 37.91018151 37.93095473 37.949774 37.96682933 37.98229684 37.99633975 38.00910936 38.02074584 38.03137899 38.04112902 38.05010718 38.05841635 38.06615166 38.07340103 38.0802456 38.08676025 38.093014 38.09907043 38.10498801 38.11082049 38.11661718 38.12242329 38.12828015 38.13422554 38.14029386 38.14651644
37.05360171 37.09143559 37.1260794 37.15793416 37.18733998 37.21458686 37.23992337 37.26356354 37.28569253 37.30647115 37.32603962 37.34452066 37.36202204 37.37863873 37.39445463 37.40954415 37.42397338 37.43780127 37.45108046 37.46385811 37.47617656 37.48807391 37.49958452 37.51073944 37.5215668 37.53209212 37.54233864 37.5523275 37.56207804 37.57160794 37.58093343 37.59006942 37.59902963 37.60782677 37.61647255 37.62497786 37.63335283 37.64160689 37.64974887 37.65778702 37.66572911 37.67358248 37.68135405 37.68905038 37.69667772 37.70424203 37.71174902 37.71920418 37.72661279 37.73397995 37.74131063 37.74860964 37.7558817 37.7631314 37.77036328 37.7775818 37.78479134 37.79199629 37.79920094 37.80640963 37.81362662 37.82085622 37.82810271 37.8353704 37.8426636 37.84998668 37.85734402 37.86474002 37.87217915 37.87966593 37.8872049 37.8948007 37.90245799 37.91018151 37.93095473 37.949774 37.96682933 37.98229684 37.99633975 38.00910936 38.02074584 38.03137899 38.04112902 38.05010718 38.05841635 38.06615166 38.07340103 38.0802456 38.08676025 38.093014 38.09907043 38.10498801 38.11082049 38.11661718 38.12242329 38.12828015 38.13422554 38.14029386 38.14651644
# PbI2(g)
56.96812862 57.05116566 57.12620696 57.19423675 57.25609228 57.3124896 57.36404422 57.41128769 57.45468107 57.49462591 57.53147326 57.56553113 57.59707067 57.62633133 57.65352521 57.67884066 57.70244543 57.72448927 57.74510616 57.76441628 57.7825276 57.79953734 57.81553322 57.83059449 57.84479291 57.85819353 57.87085542 57.88283233 57.89417318 57.90492259 57.91512132 57.92480663 57.93401263 57.94277061 57.95110926 57.95905495 57.96663195 57.97386261 57.98076754 57.98736577 57.99367491 57.99971124 58.00548987 58.01102482 58.01632914 58.02141495 58.0262936 58.03097566 58.03547104 58.03978903 58.04393836 58.04792727 58.05176351 58.05545443 58.05900701 58.06242788 58.06572336 58.0688995 58.07196211 58.07491678 58.07776888 58.08052365 58.08318616 58.08576133 58.088254 58.0906689 58.09301068 58.09528393 58.09749319 58.09964296 58.1017377 58.1037819 58.10577999 58.10773644 58.10957134 58.11135268 58.11308266 58.11476323 58.11639625 58.11798351 58.11952669 58.12102742 58.12248723 58.12390761 58.12528996 58.12663562 58.12794588 58.12922198 58.13046509 58.13167633 58.13285679 58.13400751 58.13512946 58.1362236 58.13729085 58.13833208 58.13934812 58.14033978 58.14130783
56.96812862 57.05116566 57.12620696 57.19423675 57.25609228 57.3124896 57.36404422 57.41128769 57.45468107 57.49462591 57.53147326 57.56553113 57.59707067 57.62633133 57.65352521 57.67884066 57.70244543 57.72448927 57.74510616 57.76441628 57.7825276 57.79953734 57.81553322 57.83059449 57.84479291 57.85819353 57.87085542 57.88283233 57.89417318 57.90492259 57.91512132 57.92480663 57.93401263 57.94277061 57.95110926 57.95905495 57.96663195 57.97386261 57.98076754 57.98736577 57.99367491 57.99971124 58.00548987 58.01102482 58.01632914 58.02141495 58.0262936 58.03097566 58.03547104 58.03978903 58.04393836 58.04792727 58.05176351 58.05545443 58.05900701 58.06242788 58.06572336 58.0688995 58.07196211 58.07491678 58.07776888 58.08052365 58.08318616 58.08576133 58.088254 58.0906689 58.09301068 58.09528393 58.09749319 58.09964296 58.1017377 58.1037819 58.10577999 58.10773644 58.10957134 58.11135268 58.11308266 58.11476323 58.11639625 58.11798351 58.11952669 58.12102742 58.12248723 58.12390761 58.12528996 58.12663562 58.12794588 58.12922198 58.13046509 58.13167633 58.13285679 58.13400751 58.13512946 58.1362236 58.13729085 58.13833208 58.13934812 58.14033978 58.14130783
56.96812862 57.05116566 57.12620696 57.19423675 57.25609228 57.3124896 57.36404422 57.41128769 57.45468107 57.49462591 57.53147326 57.56553113 57.59707067 57.62633133 57.65352521 57.67884066 57.70244543 57.72448927 57.74510616 57.76441628 57.7825276 57.79953734 57.81553322 57.83059449 57.84479291 57.85819353 57.87085542 57.88283233 57.89417318 57.90492259 57.91512132 57.92480663 57.93401263 57.94277061 57.95110926 57.95905495 57.96663195 57.97386261 57.98076754 57.98736577 57.99367491 57.99971124 58.00548987 58.01102482 58.01632914 58.02141495 58.0262936 58.03097566 58.03547104 58.03978903 58.04393836 58.04792727 58.05176351 58.05545443 58.05900701 58.06242788 58.06572336 58.0688995 58.07196211 58.07491678 58.07776888 58.08052365 58.08318616 58.08576133 58.088254 58.0906689 58.09301068 58.09528393 58.09749319 58.09964296 58.1017377 58.1037819 58.10577999 58.10773644 58.10957134 58.11135268 58.11308266 58.11476323 58.11639625 58.11798351 58.11952669 58.12102742 58.12248723 58.12390761 58.12528996 58.12663562 58.12794588 58.12922198 58.13046509 58.13167633 58.13285679 58.13400751 58.13512946 58.1362236 58.13729085 58.13833208 58.13934812 58.14033978 58.14130783
# PbI2(cr)
77.02226467 77.22139305 77.41514042 77.57496903 77.62209325 77.69318037 77.78537028 77.8962172 78.02361965 78.16576393 78.32107809 78.48819421 78.66591751 78.85320063 79.0491224 79.25286994 79.46372383 79.68104542 79.90426625 80.13287896 80.36642958 80.60451093 80.84675697 81.09283787 81.34245583 81.5953414 81.85125031 82.10996069 82.37127067 82.63499623 82.90096934 83.16903636 83.43905653 83.71090073 83.98445034 84.25959622 84.53623784 84.81428244 85.09364436 85.37424436 85.65600909 85.93887053 86.22276558 86.50763558 86.79342602 87.0800861 87.3675685 87.65582907 87.9448266 88.23452255 88.52488087 88.81586781 89.10745175 89.39960303 89.6922938 89.98549791 90.27919077 90.57334924 90.86795154 91.16297715 91.45840672 91.75422199 92.05040572 92.34694164 92.64381433 92.94100925 93.23851261 93.53631135 93.8343931 94.13274613 94.43135931 94.73022208 95.0293244 95.32865674 95.62821004 95.92797567 96.22794543 96.52811151 96.82846645 97.12900317 97.42971491 97.73059521 98.03163791 98.33283714 98.63418729 98.93568297 99.23731908 99.53909069 99.84099313 100.1430219 100.4451727 100.7474414 101.049824 101.3523169 101.6549162 101.9576187 102.2604209 102.5633196 102.8663118
77.02226467 77.22139305 77.41514042 77.57496903 77.62209325 77.69318037 77.78537028 77.8962172 78.02361965 78.16576393 78.32107809 78.48819421 78.66591751 78.85320063 79.0491224 79.25286994 79.46372383 79.68104542 79.90426625 80.13287896 80.36642958 80.60451093 80.84675697 81.09283787 81.34245583 81.5953414 81.85125031 82.10996069 82.37127067 82.63499623 82.90096934 83.16903636 83.43905653 83.71090073 83.98445034 84.25959622 84.53623784 84.81428244 85.09364436 85.37424436 85.65600909 85.93887053 86.22276558 86.50763558 86.79342602 87.0800861 87.3675685 87.65582907 87.9448266 88.23452255 88.52488087 88.81586781 89.10745175 89.39960303 89.6922938 89.98549791 90.27919077 90.57334924 90.86795154 91.16297715 91.45840672 91.75422199 92.05040572 92.34694164 92.64381433 92.94100925 93.23851261 93.53631135 93.8343931 94.13274613 94.43135931 94.73022208 95.0293244 95.32865674 95.62821004 95.92797567 96.22794543 96.52811151 96.82846645 97.12900317 97.42971491 97.73059521 98.03163791 98.33283714 98.63418729 98.93568297 99.23731908 99.53909069 99.84099313 100.1430219 100.4451727 100.7474414 101.049824 101.3523169 101.6549162 101.9576187 102.2604209 102.5633196 102.8663118
77.02226467 77.22139305 77.41514042 77.57496903 77.62209325 77.69318037 77.78537028 77.8962172 78.02361965 78.16576393 78.32107809 78.48819421 78.66591751 78.85320063 79.0491224 79.25286994 79.46372383 79.68104542 79.90426625 80.13287896 80.36642958 80.60451093 80.84675697 81.09283787 81.34245583 81.5953414 81.85125031 82.10996069 82.37127067 82.63499623 82.90096934 83.16903636 83.43905653 83.71090073 83.98445034 84.25959622 84.53623784 84.81428244 85.09364436 85.37424436 85.65600909 85.93887053 86.22276558 86.50763558 86.79342602 87.0800861 87.3675685 87.65582907 87.9448266 88.23452255 88.52488087 88.81586781 89.10745175 89.39960303 89.6922938 89.98549791 90.27919077 90.57334924 90.86795154 91.16297715 91.45840672 91.75422199 92.05040572 92.34694164 92.64381433 92.94100925 93.23851261 93.53631135 93.8343931 94.13274613 94.43135931 94.73022208 95.0293244 95.32865674 95.62821004 95.92797567 96.22794543 96.52811151 96.82846645 97.12900317 97.42971491 97.73059521 98.03163791 98.33283714 98.63418729 98.93568297 99.23731908 99.53909069 99.84099313 100.1430219 100.4451727 100.7474414 101.049824 101.3523169 101.6549162 101.9576187 102.2604209 102.5633196 102.8663118
# PbI2(l)
108.9993788 108.9993788 108.9993788 108.9993788 108.9993788 108.9993788 108.9993788 108.9993788 108.9993788 108.9993788 108.9993788 108.9993788 108.9993788 108.9993788 108.9993788 108.9993788 108.9993788 108.9993788 108.9993788 108.9993788 108.9993788 108.9993788 108.9993788 108.9993788 108.9993788 108.9993788 108.9993788 108.9993788 108.9993788 108.9993788 108.9993788 108.9993788 108.9993788 108.9993788 108.9993788 108.9993788 108.9993788 108.9993788 108.9993788 108.9993788 108.9993788 108.9993788 108.9993788 108.9993788 108.9993788 108.9993788 108.9993788 108.9993788 108.9993788 108.9993788 108.9993788 108.9993788 108.9993788 108.9993788 108.9993788 108.9993788 108.9993788 108.9993788 108.9993788 108.9993788 108.9993788 108.9993788 108.9993788 108.9993788 108.9993788 108.9993788 108.9993788 108.9993788 108.9993788 108.9993788 108.9993788 108.9993788 108.9993788 108.9993788 108.9993788 108.9993788 108.9993788 108.9993788 108.9993788 108.9993788 108.9993788 108.9993788 108.9993788 108.9993788 108.9993788 108.9993788 108.9993788 108.9993788 108.9993788 108.9993788 108.9993788 108.9993788 108.9993788 108.9993788 108.9993788 108.9993788 108.9993788 108.9993788 108.9993788
108.9993788 108.9993788 108.9993788 108.9993788 108.9993788 108.9993788 108.9993788 108.9993788 108.9993788 108.9993788 108.9993788 108.9993788 108.9993788 108.9993788 108.9993788 108.9993788 108.9993788 108.9993788 108.9993788 108.9993788 108.9993788 108.9993788 108.9993788 108.9993788 108.9993788 108.9993788 108.9993788 108.9993788 108.9993788 108.9993788 108.9993788 108.9993788 108.9993788 108.9993788 108.9993788 108.9993788 108.9993788 108.9993788 108.9993788 108.9993788 108.9993788 108.9993788 108.9993788 108.9993788 108.9993788 108.9993788 108.9993788 108.9993788 108.9993788 108.9993788 108.9993788 108.9993788 108.9993788 108.9993788 108.9993788 108.9993788 108.9993788 108.9993788 108.9993788 108.9993788 108.9993788 108.9993788 108.9993788 108.9993788 108.9993788 108.9993788 108.9993788 108.9993788 108.9993788 108.9993788 108.9993788 108.9993788 108.9993788 108.9993788 108.9993788 108.9993788 108.9993788 108.9993788 108.9993788 108.9993788 108.9993788 108.9993788 108.9993788 108.9993788 108.9993788 108.9993788 108.9993788 108.9993788 108.9993788 108.9993788 108.9993788 108.9993788 108.9993788 108.9993788 108.9993788 108.9993788 108.9993788 108.9993788 108.9993788
108.9993788 108.9993788 108.9993788 108.9993788 108.9993788 108.9993788 108.9993788 108.9993788 108.9993788 108.9993788 108.9993788 108.9993788 108.9993788 108.9993788 108.9993788 108.9993788 108.9993788 108.9993788 108.9993788 108.9993788 108.9993788 108.9993788 108.9993788 108.9993788 108.9993788 108.9993788 108.9993788 108.9993788 108.9993788 108.9993788 108.9993788 108.9993788 108.9993788 108.9993788 108.9993788 108.9993788 108.9993788 108.9993788 108.9993788 108.9993788 108.9993788 108.9993788 108.9993788 108.9993788 108.9993788 108.9993788 108.9993788 108.9993788 108.9993788 108.9993788 108.9993788 108.9993788 108.9993788 108.9993788 108.9993788 108.9993788 108.9993788 108.9993788 108.9993788 108.9993788 108.9993788 108.9993788 108.9993788 108.9993788 108.9993788 108.9993788 108.9993788 108.9993788 108.9993788 108.9993788 108.9993788 108.9993788 108.9993788 108.9993788 108.9993788 108.9993788 108.9993788 108.9993788 108.9993788 108.9993788 108.9993788 108.9993788 108.9993788 108.9993788 108.9993788 108.9993788 108.9993788 108.9993788 108.9993788 108.9993788 108.9993788 108.9993788 108.9993788 108.9993788 108.9993788 108.9993788 108.9993788 108.9993788 108.9993788
# Pb(cr)
26.39139176 26.47466622 26.56777957 26.66936291 26.77764636 26.89074849 27.00686132 27.12436276 27.24187872 27.35831056 27.47283892 27.5849117 27.69422175 27.80067806 27.90437327 28.00554942 28.10456307 28.20185102 28.29789688 28.39319914 28.48824075 28.58346051 28.67922619 28.77580943 28.87336236 28.97189581 29.0712592 29.17112179 29.27095542 29.37001845 29.46734093 29.56171097 29.65166197 29.73546099 29.81109784 29.87627507 29.92839871 29.96456963 29.98157558 29.97588384 29.94363432 29.88063324 29.78234722 29.64389778 29.46005628 29.22523915 28.93350347 28.57854291 28.15368383 27.65188177 27.06571808 26.38739683 25.60874189 24.72119421 23.71580929 22.5832548 21.31380833 19.89735531 18.32338709 16.58099904 14.65888885 12.54535492 10.22829483 7.695203913 4.933173875 1.928891564 -1.331362246 -4.861713975 -8.676698307 -12.79125918 -17.22075076 -21.98093829 -27.08799899 -32.5585228 -38.40951318 -44.65838781 -51.32297926 -58.42153563 -65.97272116 -73.99561683 -82.50972088 -91.53494931 -101.0916364 -111.2005353 -121.8828181 -133.1600767 -145.0543229 -157.587989 -170.783928 -184.665414 -199.2561425 -214.5802308 -230.6622182 -247.5270664 -265.2001596 -283.707305 -303.0747327 -323.3290963 -344.497473
26.39139176 26.47466622 26.56777957 26.66936291 26.77764636 26.89074849 27.00686132 27.12436276 27.24187872 27.35831056 27.47283892 27.5849117 27.69422175 27.80067806 27.90437327 28.00554942 28.10456307 28.20185102 28.29789688 28.39319914 28.48824075 28.58346051 28.67922619 28.77580943 28.87336236 28.97189581 29.0712592 29.17112179 29.27095542 29.37001845 29.46734093 29.56171097 29.65166197 29.73546099 29.81109784 29.87627507 29.92839871 29.96456963 29.98157558 29.97588384 29.94363432 29.88063324 29.78234722 29.64389778 29.46005628 29.22523915 28.93350347 28.57854291 28.15368383 27.65188177 27.06571808 26.38739683 25.60874189 24.72119421 23.71580929 22.5832548 21.31380833 19.89735531 18.32338709 16.58099904 14.65888885 12.54535492 10.22829483 7.695203913 4.933173875 1.928891564 -1.331362246 -4.861713975 -8.676698307 -12.79125918 -17.22075076 -21.98093829 -27.08799899 -32.5585228 -38.40951318 -44.65838781 -51.32297926 -58.42153563 -65.97272116 -73.99561683 -82.50972088 -91.53494931 -101.0916364 -111.2005353 -121.8828181 -133.1600767 -145.0543229 -157.587989 -170.783928 -184.665414 -199.2561425 -214.5802308 -230.6622182 -247.5270664 -265.2001596 -283.707305 -303.0747327 -323.3290963 -344.497473
26.39139176 26.47466622 26.56777957 26.66936291 26.77764636 26.89074849 27.00686132 27.12436276 27.24187872 27.35831056 27.47283892 27.5849117 27.69422175 27.80067806 27.90437327 28.00554942 28.10456307 28.20185102 28.29789688 28.39319914 28.48824075 28.58346051 28.67922619 28.77580943 28.87336236 28.97189581 29.0712592 29.17112179 29.27095542 29.37001845 29.46734093 29.56171097 29.65166197 29.73546099 29.81109784 29.87627507 29.92839871 29.96456963 29.98157558 29.97588384 29.94363432 29.88063324 29.78234722 29.64389778 29.46005628 29.22523915 28.93350347 28.57854291 28.15368383 27.65188177 27.06571808 26.38739683 25.60874189 24.72119421 23.71580929 22.5832548 21.31380833 19.89735531 18.32338709 16.58099904 14.65888885 12.54535492 10.22829483 7.695203913 4.933173875 1.928891564 -1.331362246 -4.861713975 -8.676698307 -12.79125918 -17.22075076 -21.98093829 -27.08799899 -32.5585228 -38.40951318 -44.65838781 -51.32297926 -58.42153563 -65.97272116 -73.99561683 -82.50972088 -91.53494931 -101.0916364 -111.2005353 -121.8828181 -133.1600767 -145.0543229 -157.587989 -170.783928 -184.665414 -199.2561425 -214.5802308 -230.6622182 -247.5270664 -265.2001596 -283.707305 -303.0747327 -323.3290963 -344.497473
# Pb(l)
29.47054606 29.69327964 29.88587026 30.05236485 30.19616788 30.32015995 30.42679153 30.51815773 30.59605833 30.66204631 30.71746731 30.76349195 30.80114239 30.8313143 30.85479516 30.87227955 30.88438191 30.89164737 30.89456089 30.89355502 30.88901651 30.88129197 30.87069276 30.85749915 30.84196395 30.82431565 30.80476115 30.78348813 30.76066713 30.73645337 30.71098834 30.68440124 30.65681015 30.62832323 30.5990396 30.56905025 30.53843881 30.50728221 30.47565133 30.4436115 30.41122305 30.37854168 30.34561892 30.31250246 30.27923645 30.24586185 30.21241664 30.17893605 30.14545286 30.11199748 30.07859824 30.04528145 30.01207165 29.97899165 29.94606274 29.91330473 29.88073611 29.8483741 29.81623478 29.78433314 29.75268317 29.72129792 29.69018955 29.65936943 29.62884815 29.5986356 29.56874098 29.53917288 29.5099393 29.4810477 29.45250501 29.42431767 29.39649169 29.36903263 29.34194566 29.31523555 29.28890675 29.26296334 29.2374091 29.21224749 29.18748171 29.16311468 29.13914908 29.11558734 29.09243166 29.06968403 29.04734625 29.0254199 29.00390642 28.98280703 28.96212281 28.9418547 28.92200346 28.90256973 28.88355401 28.86495668 28.84677798 28.82901805 28.81167693
29.47054606 29.69327964 29.88587026 30.05236485 30.19616788 30.32015995 30.42679153 30.51815773 30.59605833 30.66204631 30.71746731 30.76349195 30.80114239 30.8313143 30.85479516 30.87227955 30.88438191 30.89164737 30.89456089 30.89355502 30.88901651 30.88129197 30.87069276 30.85749915 30.84196395 30.82431565 30.80476115 30.78348813 30.76066713 30.73645337 30.71098834 30.68440124 30.65681015 30.62832323 30.5990396 30.56905025 30.53843881 30.50728221 30.47565133 30.4436115 30.41122305 30.37854168 30.34561892 30.31250246 30.27923645 30.24586185 30.21241664 30.17893605 30.14545286 30.11199748 30.07859824 30.04528145 30.01207165 29.97899165 29.94606274 29.91330473 29.88073611 29.8483741 29.81623478 29.78433314 29.75268317 29.72129792 29.69018955 29.65936943 29.62884815 29.5986356 29.56874098 29.53917288 29.5099393 29.4810477 29.45250501 29.42431767 29.39649169 29.36903263 29.34194566 29.31523555 29.28890675 29.26296334 29.2374091 29.21224749 29.18748171 29.16311468 29.13914908 29.11558734 29.09243166 29.06968403 29.04734625 29.0254199 29.00390642 28.98280703 28.96212281 28.9418547 28.92200346 28.90256973 28.88355401 28.86495668 28.84677798 28.82901805 28.81167693
29.47054606 29.69327964 29.88587026 30.05236485 30.19616788 30.32015995 30.42679153 30.51815773 30.59605833 30.66204631 30.71746731 30.76349195 30.80114239 30.8313143 30.85479516 30.87227955 30.88438191 30.89164737 30.89456089 30.89355502 30.88901651 30.88129197 30.87069276 30.85749915 30.84196395 30.82431565 30.80476115 30.78348813 30.76066713 30.73645337 30.71098834 30.68440124 30.65681015 30.62832323 30.5990396 30.56905025 30.53843881 30.50728221 30.47565133 30.4436115 30.41122305 30.37854168 30.34561892 30.31250246 30.27923645 30.24586185 30.21241664 30.17893605 30.14545286 30.11199748 30.07859824 30.04528145 30.01207165 29.97899165 29.94606274 29.91330473 29.88073611 29.8483741 29.81623478 29.78433314 29.75268317 29.72129792 29.69018955 29.65936943 29.62884815 29.5986356 29.56874098 29.53917288 29.5099393 29.4810477 29.45250501 29.42431767 29.39649169 29.36903263 29.34194566 29.31523555 29.28890675 29.26296334 29.2374091 29.21224749 29.18748171 29.16311468 29.13914908 29.11558734 29.09243166 29.06968403 29.04734625 29.0254199 29.00390642 28.98280703 28.96212281 28.9418547 28.92200346 28.90256973 28.88355401 28.86495668 28.84677798 28.82901805 28.81167693
